instance,num_customers,seed,num_vehicles,time_limit_seconds,status,feasible,distance,runtime_seconds,best_bound,mip_gap_percent,node_count,solution_count,gurobi_status
cvrp_n10_seed0,10,0,2,0.01,FEASIBLE,True,97.51141366741655,0.01476687501417473,72.14475053127371,26.014045107233542,1.0,1,9
cvrp_n10_seed0,10,0,2,0.05,FEASIBLE,True,96.51953507299275,0.053290790994651616,83.41045147243902,13.581793147511545,1.0,3,9
cvrp_n10_seed0,10,0,2,0.1,FEASIBLE,True,96.51953507299275,0.10389399999985471,89.683035739739,7.0830214091724155,1761.0,3,9
cvrp_n10_seed0,10,0,2,0.5,OPTIMAL,True,96.51953507299275,0.11612437496660277,96.51953507299275,0.0,2799.0,3,2
cvrp_n10_seed0,10,0,2,1.0,OPTIMAL,True,96.51953507299275,0.11380870797438547,96.51953507299275,0.0,2799.0,3,2
cvrp_n10_seed1,10,1,2,0.01,FEASIBLE,True,108.59708593774903,0.014097540988586843,67.89677342214404,37.47827316373441,1.0,3,9
cvrp_n10_seed1,10,1,2,0.05,FEASIBLE,True,100.75846405251671,0.05307333299424499,86.63727936234116,14.014886811707845,1.0,6,9
cvrp_n10_seed1,10,1,2,0.1,FEASIBLE,True,99.00916198709595,0.10331904102349654,94.10166013289427,4.956613868564292,1473.0,7,9
cvrp_n10_seed1,10,1,2,0.5,OPTIMAL,True,99.00916198709595,0.11849508300656453,99.00916198709595,0.0,1651.0,7,2
cvrp_n10_seed1,10,1,2,1.0,OPTIMAL,True,99.00916198709595,0.1225666250102222,99.00916198709595,0.0,1651.0,7,2
cvrp_n10_seed2,10,2,2,0.01,FEASIBLE,True,103.94192850068016,0.01346270804060623,57.08964712260102,45.07543977094148,1.0,4,9
cvrp_n10_seed2,10,2,2,0.05,FEASIBLE,True,100.13360110200104,0.05344658298417926,60.33452878690459,39.74597125949275,8.0,7,9
cvrp_n10_seed2,10,2,2,0.1,FEASIBLE,True,96.43048988846829,0.10344908299157396,71.1439077508038,26.222600514537465,1616.0,9,9
cvrp_n10_seed2,10,2,2,0.5,OPTIMAL,True,96.43048988846829,0.2725364590296522,96.43048988846829,0.0,7904.0,9,2
cvrp_n10_seed2,10,2,2,1.0,OPTIMAL,True,96.43048988846829,0.27395929204067215,96.43048988846829,0.0,7904.0,9,2
cvrp_n10_seed3,10,3,2,0.01,FEASIBLE,True,127.83842637498084,0.013958833005744964,92.14236447154717,27.92279513729975,1.0,3,9
cvrp_n10_seed3,10,3,2,0.05,OPTIMAL,True,100.91936910111318,0.05287837499054149,100.91936910111318,0.0,1.0,8,2
cvrp_n10_seed3,10,3,2,0.1,OPTIMAL,True,100.91936910111318,0.05335825000656769,100.91936910111318,0.0,1.0,8,2
cvrp_n10_seed3,10,3,2,0.5,OPTIMAL,True,100.91936910111318,0.05243820801842958,100.91936910111318,0.0,1.0,8,2
cvrp_n10_seed3,10,3,2,1.0,OPTIMAL,True,100.91936910111318,0.052122749970294535,100.91936910111318,0.0,1.0,8,2
cvrp_n10_seed4,10,4,2,0.01,FEASIBLE,True,109.33876366616268,0.014381583023350686,64.00386448407036,41.46278745249999,1.0,3,9
cvrp_n10_seed4,10,4,2,0.05,FEASIBLE,True,84.50143865093455,0.052808750013355166,67.31203428626586,20.342144038134176,1.0,10,9
cvrp_n10_seed4,10,4,2,0.1,FEASIBLE,True,83.19713016032063,0.10391379200154915,73.1080978867548,12.126659001487534,1409.0,10,9
cvrp_n10_seed4,10,4,2,0.5,OPTIMAL,True,83.19713016032063,0.18577329203253612,83.19713016032063,0.0,2223.0,10,2
cvrp_n10_seed4,10,4,2,1.0,OPTIMAL,True,83.19713016032063,0.18785375001607463,83.19713016032063,0.0,2223.0,10,2
cvrp_n10_seed5,10,5,2,0.01,FEASIBLE,True,119.54354223582982,0.014567916980013251,72.14331974889645,39.651010502453126,1.0,4,9
cvrp_n10_seed5,10,5,2,0.05,FEASIBLE,True,102.85661017919843,0.0528099579969421,79.61245505356013,22.598601183863597,1.0,9,9
cvrp_n10_seed5,10,5,2,0.1,FEASIBLE,True,100.94094729210434,0.10347570898011327,82.99116931208701,17.782454456340705,1128.0,10,9
cvrp_n10_seed5,10,5,2,0.5,OPTIMAL,True,100.94094729210434,0.26083933300105855,100.94094729210434,0.0,6013.0,10,2
cvrp_n10_seed5,10,5,2,1.0,OPTIMAL,True,100.94094729210434,0.25969254196388647,100.94094729210434,0.0,6013.0,10,2
cvrp_n10_seed6,10,6,2,0.01,FEASIBLE,True,111.96211549220385,0.013941209006588906,64.25657820204064,42.60864228979761,1.0,3,9
cvrp_n10_seed6,10,6,2,0.05,FEASIBLE,True,100.52521978000937,0.05318333295872435,70.38135524341278,29.98637018905682,1.0,5,9
cvrp_n10_seed6,10,6,2,0.1,FEASIBLE,True,99.52844552994668,0.10382624994963408,71.34112493830614,28.32086891496701,383.0,6,9
cvrp_n10_seed6,10,6,2,0.5,OPTIMAL,True,99.52844552994668,0.27080962498439476,99.52844552994668,0.0,5558.0,6,2
cvrp_n10_seed6,10,6,2,1.0,OPTIMAL,True,99.52844552994668,0.2620055000297725,99.52844552994668,0.0,5558.0,6,2
cvrp_n10_seed7,10,7,2,0.01,FEASIBLE,True,101.767192872697,0.01349899999331683,47.833886341584666,52.99675171209526,1.0,4,9
cvrp_n10_seed7,10,7,2,0.05,FEASIBLE,True,80.64351699327896,0.053171042003668845,62.76816714523472,22.165885758100085,1.0,9,9
cvrp_n10_seed7,10,7,2,0.1,FEASIBLE,True,80.64351699327896,0.10400200000731274,70.07559069906706,13.104495796100583,986.0,9,9
cvrp_n10_seed7,10,7,2,0.5,OPTIMAL,True,80.64351699327896,0.12038745800964534,80.64351699327896,0.0,1452.0,9,2
cvrp_n10_seed7,10,7,2,1.0,OPTIMAL,True,80.64351699327896,0.11442083300789818,80.64351699327896,0.0,1452.0,9,2
cvrp_n10_seed8,10,8,2,0.01,FEASIBLE,True,114.61290658365142,0.013661500008311123,65.48757554528316,42.86195377351644,1.0,4,9
cvrp_n10_seed8,10,8,2,0.05,FEASIBLE,True,104.47989810667075,0.053654959017876536,73.92622820295894,29.24358700323143,1.0,6,9
cvrp_n10_seed8,10,8,2,0.1,FEASIBLE,True,101.1265810936063,0.10391258395975456,81.44970552459114,19.45766914714694,1193.0,7,9
cvrp_n10_seed8,10,8,2,0.5,OPTIMAL,True,101.1265810936063,0.1716517920140177,101.1265810936063,0.0,3549.0,7,2
cvrp_n10_seed8,10,8,2,1.0,OPTIMAL,True,101.1265810936063,0.17940045800060034,101.1265810936063,0.0,3549.0,7,2
cvrp_n10_seed9,10,9,2,0.01,FEASIBLE,True,115.87058008429061,0.013510167016647756,59.52261343126521,48.63008937388144,1.0,4,9
cvrp_n10_seed9,10,9,2,0.05,FEASIBLE,True,99.17302532470012,0.052769500005524606,76.02884429558662,23.337173544255272,1.0,10,9
cvrp_n10_seed9,10,9,2,0.1,FEASIBLE,True,95.31700451635098,0.10379900003317744,80.27304858722064,15.783076698082393,1183.0,10,9
cvrp_n10_seed9,10,9,2,0.5,OPTIMAL,True,94.79184428981398,0.19929625000804663,94.79184428981398,0.0,3290.0,10,2
cvrp_n10_seed9,10,9,2,1.0,OPTIMAL,True,94.79184428981398,0.19657962501514703,94.79184428981398,0.0,3290.0,10,2
cvrp_n15_seed0,15,0,3,0.01,NO_SOLUTION,False,,0.019136458984576166,,,,0,9
cvrp_n15_seed0,15,0,3,0.05,FEASIBLE,True,162.1742400050695,0.05960666702594608,97.10870861031555,40.120756164924856,1.0,5,9
cvrp_n15_seed0,15,0,3,0.1,FEASIBLE,True,144.91907524747626,0.10881275002611801,101.79943242448417,29.754290626929052,1.0,9,9
cvrp_n15_seed0,15,0,3,0.5,FEASIBLE,True,136.4567988500274,0.5093035839963704,107.03827673287083,21.55885405863064,3231.0,10,9
cvrp_n15_seed0,15,0,3,1.0,FEASIBLE,True,135.50755290089222,1.0089507499942556,108.25402729069559,20.112181960904696,3259.0,10,9
cvrp_n15_seed1,15,1,3,0.01,NO_SOLUTION,False,,0.018810708017554134,,,,0,9
cvrp_n15_seed1,15,1,3,0.05,FEASIBLE,True,161.15253190883575,0.058879290998447686,80.07995674368333,50.307974814206034,1.0,2,9
cvrp_n15_seed1,15,1,3,0.1,FEASIBLE,True,139.7838405252912,0.11228654201840982,82.77497986779734,40.78358445673068,1.0,4,9
cvrp_n15_seed1,15,1,3,0.5,FEASIBLE,True,139.6386716089124,0.5099588750163093,83.72290796372525,40.04317930049569,1230.0,5,9
cvrp_n15_seed1,15,1,3,1.0,FEASIBLE,True,139.26111070404073,1.0204319580225274,91.25602438410088,34.471279223070965,2830.0,6,9
cvrp_n15_seed2,15,2,3,0.01,NO_SOLUTION,False,,0.01891700003761798,,,,0,9
cvrp_n15_seed2,15,2,3,0.05,FEASIBLE,True,142.67154039701836,0.05920266598695889,72.79908064284639,48.974350147012366,1.0,3,9
cvrp_n15_seed2,15,2,3,0.1,FEASIBLE,True,137.7262265979763,0.11472124996362254,75.20435755325727,45.395761278801864,1.0,5,9
cvrp_n15_seed2,15,2,3,0.5,FEASIBLE,True,133.72396002447013,0.5102558750077151,75.21292287177853,43.75508857349474,1160.0,8,9
cvrp_n15_seed2,15,2,3,1.0,FEASIBLE,True,126.04954947077213,1.025802416028455,75.21292287177853,40.330669020583365,2554.0,10,9
cvrp_n15_seed3,15,3,3,0.01,NO_SOLUTION,False,,0.01874099997803569,,,,0,9
cvrp_n15_seed3,15,3,3,0.05,FEASIBLE,True,215.2197198524322,0.0594149170210585,128.57242949574993,40.25992154254868,1.0,4,9
cvrp_n15_seed3,15,3,3,0.1,FEASIBLE,True,166.6443171626831,0.11188849998870865,131.01147441831287,21.38257298602292,1.0,10,9
cvrp_n15_seed3,15,3,3,0.5,FEASIBLE,True,152.21968551525177,0.5096648749895394,134.31519923272583,11.762267292775338,2185.0,10,9
cvrp_n15_seed3,15,3,3,1.0,FEASIBLE,True,152.21968551525177,1.0103905000141822,135.04954498207817,11.279842337772546,3128.0,10,9
cvrp_n15_seed4,15,4,3,0.01,NO_SOLUTION,False,,0.01912379200803116,,,,0,9
cvrp_n15_seed4,15,4,3,0.05,FEASIBLE,True,138.5766953760973,0.06193187501048669,88.50355414618716,36.13388318577779,1.0,5,9
cvrp_n15_seed4,15,4,3,0.1,FEASIBLE,True,137.62268273069057,0.10931229201378301,91.01058290331439,33.86948931855217,1.0,8,9
cvrp_n15_seed4,15,4,3,0.5,FEASIBLE,True,120.03551542040738,0.5099283329909667,93.54620816026492,22.067891463095243,2898.0,10,9
cvrp_n15_seed4,15,4,3,1.0,FEASIBLE,True,117.25496906177789,1.009159415960312,94.63838311282467,19.288381660855038,3017.0,10,9
cvrp_n15_seed5,15,5,3,0.01,NO_SOLUTION,False,,0.01880212500691414,,,,0,9
cvrp_n15_seed5,15,5,3,0.05,FEASIBLE,True,146.50955813422183,0.05954016698524356,76.16842288086247,48.01129438184349,1.0,4,9
cvrp_n15_seed5,15,5,3,0.1,FEASIBLE,True,134.28415342782336,0.10937654098961502,84.29373071368678,37.22734324047105,1.0,6,9
cvrp_n15_seed5,15,5,3,0.5,FEASIBLE,True,118.08720925191338,0.5124217919656076,86.08429189803206,27.101087032728543,2646.0,10,9
cvrp_n15_seed5,15,5,3,1.0,FEASIBLE,True,114.81675795355682,1.0243205419974402,86.86604628048772,24.343756234934894,2667.0,10,9
cvrp_n15_seed6,15,6,3,0.01,NO_SOLUTION,False,,0.01874604099430144,,,,0,9
cvrp_n15_seed6,15,6,3,0.05,FEASIBLE,True,170.60135970251292,0.059367791982367635,82.26679760735212,51.77834587555146,1.0,4,9
cvrp_n15_seed6,15,6,3,0.1,FEASIBLE,True,156.98468194375133,0.10997145803412423,92.3681974273755,41.161012473515314,1.0,8,9
cvrp_n15_seed6,15,6,3,0.5,FEASIBLE,True,137.3260930077465,0.5090775409480557,94.4462722106225,31.224816681200686,2457.0,10,9
cvrp_n15_seed6,15,6,3,1.0,FEASIBLE,True,137.3260930077465,1.016119166975841,94.4462722106225,31.224816681200686,2474.0,10,9
cvrp_n15_seed7,15,7,3,0.01,NO_SOLUTION,False,,0.018570791988167912,,,,0,9
cvrp_n15_seed7,15,7,3,0.05,FEASIBLE,True,216.87697648561746,0.05887362500652671,71.96235000251312,66.81881536314879,1.0,5,9
cvrp_n15_seed7,15,7,3,0.1,FEASIBLE,True,152.04751439149874,0.11246108397608623,87.4388767440632,42.4923997646409,1.0,10,9
cvrp_n15_seed7,15,7,3,0.5,FEASIBLE,True,121.69139937173951,0.513571499963291,91.33181763853592,24.948009382702534,2950.0,10,9
cvrp_n15_seed7,15,7,3,1.0,FEASIBLE,True,118.2430704447944,1.012915166968014,93.41165208776499,21.000315928553935,2967.0,10,9
cvrp_n15_seed8,15,8,3,0.01,NO_SOLUTION,False,,0.018932375009171665,,,,0,9
cvrp_n15_seed8,15,8,3,0.05,FEASIBLE,True,135.26324525857405,0.059462792007252574,79.73382949751512,41.05284895013935,1.0,4,9
cvrp_n15_seed8,15,8,3,0.1,FEASIBLE,True,132.63310110105422,0.10924879100639373,88.49472610109848,33.27855160856592,1.0,5,9
cvrp_n15_seed8,15,8,3,0.5,FEASIBLE,True,126.83216171768102,0.5105025420198217,90.64349528570624,28.53272067736894,2638.0,10,9
cvrp_n15_seed8,15,8,3,1.0,FEASIBLE,True,119.2648182110774,1.0100789170246571,92.13087357637086,22.751004899604432,2814.0,10,9
cvrp_n15_seed9,15,9,3,0.01,NO_SOLUTION,False,,0.01884770899778232,,,,0,9
cvrp_n15_seed9,15,9,3,0.05,FEASIBLE,True,174.3499449617872,0.058990250050555915,67.5358492572842,61.26419812057513,1.0,5,9
cvrp_n15_seed9,15,9,3,0.1,FEASIBLE,True,131.99362608693372,0.10949679202167317,92.81512165973236,29.68211843911129,1.0,9,9
cvrp_n15_seed9,15,9,3,0.5,FEASIBLE,True,118.57573440759775,0.5105370419914834,97.14465241054576,18.073750168296485,3589.0,10,9
cvrp_n15_seed9,15,9,3,1.0,FEASIBLE,True,118.57573440759775,1.0093931250157766,97.14465241054576,18.073750168296485,3700.0,10,9
cvrp_n20_seed0,20,0,4,0.01,NO_SOLUTION,False,,0.031067582953255624,,,,0,9
cvrp_n20_seed0,20,0,4,0.05,FEASIBLE,True,248.45067832912218,0.07275937497615814,100.69509254748354,59.47079185910174,1.0,1,9
cvrp_n20_seed0,20,0,4,0.1,FEASIBLE,True,248.45067832912218,0.12260874995263293,106.21559505831077,57.24882066226152,1.0,1,9
cvrp_n20_seed0,20,0,4,0.5,FEASIBLE,True,166.58654795336597,0.5218687909655273,108.87132090317799,34.64579088723581,862.0,10,9
cvrp_n20_seed0,20,0,4,1.0,FEASIBLE,True,166.58654795336597,1.0237202910357155,109.07176355671363,34.525467454162595,1791.0,10,9
cvrp_n20_seed1,20,1,4,0.01,NO_SOLUTION,False,,0.0301949999993667,,,,0,9
cvrp_n20_seed1,20,1,4,0.05,FEASIBLE,True,212.30302999976368,0.0723200420034118,93.65253700801212,55.88732906538528,1.0,4,9
cvrp_n20_seed1,20,1,4,0.1,FEASIBLE,True,212.11205444072846,0.12388766597723588,107.59889000218199,49.27261900042136,1.0,6,9
cvrp_n20_seed1,20,1,4,0.5,FEASIBLE,True,195.17329824241529,0.5232904580188915,109.09083294568113,44.10565690692756,388.0,9,9
cvrp_n20_seed1,20,1,4,1.0,FEASIBLE,True,179.85910055378062,1.0250812079757452,111.17289246032684,38.188897799428034,2314.0,10,9
cvrp_n20_seed2,20,2,4,0.01,NO_SOLUTION,False,,0.036447833001147956,,,,0,9
cvrp_n20_seed2,20,2,4,0.05,FEASIBLE,True,196.30838531939844,0.07075366599019617,74.80713023529205,61.89305407734924,1.0,8,9
cvrp_n20_seed2,20,2,4,0.1,FEASIBLE,True,196.30838531939844,0.1241891669924371,88.20079040737446,55.07028889068103,1.0,8,9
cvrp_n20_seed2,20,2,4,0.5,FEASIBLE,True,167.3979039241859,0.5226048339973204,88.5474744689382,47.10359425465617,1317.0,10,9
cvrp_n20_seed2,20,2,4,1.0,FEASIBLE,True,164.16604509602772,1.0224203749676235,89.12700209002487,45.70923479463083,2358.0,10,9
cvrp_n20_seed3,20,3,4,0.01,NO_SOLUTION,False,,0.03189462498994544,,,,0,9
cvrp_n20_seed3,20,3,4,0.05,FEASIBLE,True,316.2543337383306,0.07912829203996807,126.50038320942248,60.000426962025735,1.0,2,9
cvrp_n20_seed3,20,3,4,0.1,FEASIBLE,True,219.481140450382,0.1316222919849679,134.59591329024326,38.67540827697161,1.0,7,9
cvrp_n20_seed3,20,3,4,0.5,FEASIBLE,True,206.93424550922458,0.5217844169819728,138.75959775733614,32.94507759415268,71.0,10,9
cvrp_n20_seed3,20,3,4,1.0,FEASIBLE,True,206.087000918508,1.023204417026136,139.05754979071907,32.52483214809559,1191.0,10,9
cvrp_n20_seed4,20,4,4,0.01,NO_SOLUTION,False,,0.030157458037137985,,,,0,9
cvrp_n20_seed4,20,4,4,0.05,FEASIBLE,True,195.08267975193365,0.07749616703949869,100.06653640982216,48.70557625255796,1.0,3,9
cvrp_n20_seed4,20,4,4,0.1,FEASIBLE,True,181.63586453665312,0.12087924999650568,111.38647986979201,38.67594367778901,1.0,6,9
cvrp_n20_seed4,20,4,4,0.5,FEASIBLE,True,159.61927469365688,0.5210134580265731,112.71199035583027,29.386980004671493,154.0,10,9
cvrp_n20_seed4,20,4,4,1.0,FEASIBLE,True,148.60580538111864,1.0217307080165483,112.7695540569692,24.114973995963872,1775.0,10,9
cvrp_n20_seed5,20,5,4,0.01,NO_SOLUTION,False,,0.030629040964413434,,,,0,9
cvrp_n20_seed5,20,5,4,0.05,FEASIBLE,True,243.75761339450509,0.07906508399173617,80.99979889519739,66.77035118320399,1.0,4,9
cvrp_n20_seed5,20,5,4,0.1,FEASIBLE,True,211.51814668514072,0.12221450003562495,98.43586633741775,53.46221216473389,1.0,5,9
cvrp_n20_seed5,20,5,4,0.5,FEASIBLE,True,158.03268064013793,0.5224605829571374,99.60327782096533,36.97298722169015,1028.0,10,9
cvrp_n20_seed5,20,5,4,1.0,FEASIBLE,True,158.03268064013793,1.0223149160156026,102.22968465678525,35.31104816884284,2284.0,10,9
cvrp_n20_seed6,20,6,4,0.01,NO_SOLUTION,False,,0.030581082974094898,,,,0,9
cvrp_n20_seed6,20,6,4,0.05,FEASIBLE,True,191.96689225106837,0.07765895902412012,77.11280049194728,59.83015634222306,1.0,2,9
cvrp_n20_seed6,20,6,4,0.1,FEASIBLE,True,188.04201430870316,0.12796129198977724,102.63577951716692,45.41869810611966,1.0,3,9
cvrp_n20_seed6,20,6,4,0.5,FEASIBLE,True,176.14627826990937,0.5205516669666395,103.52472166880355,41.227982398712754,136.0,7,9
cvrp_n20_seed6,20,6,4,1.0,FEASIBLE,True,162.44152957891018,1.0221759579726495,104.16059648339484,35.87809918226845,2174.0,10,9
cvrp_n20_seed7,20,7,4,0.01,NO_SOLUTION,False,,0.030257167003583163,,,,0,9
cvrp_n20_seed7,20,7,4,0.05,FEASIBLE,True,171.2109877595609,0.08257487503578886,87.9533918967754,48.62865225665761,1.0,7,9
cvrp_n20_seed7,20,7,4,0.1,FEASIBLE,True,171.2109877595609,0.12154550000559539,103.28967291760048,39.67111908573608,1.0,7,9
cvrp_n20_seed7,20,7,4,0.5,FEASIBLE,True,165.1301549287567,0.5241645000060089,106.33597759660942,35.604749088689026,416.0,10,9
cvrp_n20_seed7,20,7,4,1.0,FEASIBLE,True,164.21291745905486,1.023529791040346,107.12926358925694,34.7619753385304,943.0,10,9
cvrp_n20_seed8,20,8,4,0.01,NO_SOLUTION,False,,0.029627167037688196,,,,0,9
cvrp_n20_seed8,20,8,4,0.05,FEASIBLE,True,261.1336789181788,0.07158899999922141,84.97068135534744,67.46084928326256,1.0,1,9
cvrp_n20_seed8,20,8,4,0.1,FEASIBLE,True,216.0714709015116,0.12347683298867196,102.77338508028882,52.435467462923704,1.0,3,9
cvrp_n20_seed8,20,8,4,0.5,FEASIBLE,True,166.58034427201287,0.5239620420034043,104.90522631211094,37.02424690586016,1256.0,10,9
cvrp_n20_seed8,20,8,4,1.0,FEASIBLE,True,158.24611751202158,1.0303105830098502,105.0017886488031,33.64653092305638,2422.0,10,9
cvrp_n20_seed9,20,9,4,0.01,NO_SOLUTION,False,,0.029362166998907924,,,,0,9
cvrp_n20_seed9,20,9,4,0.05,FEASIBLE,True,164.27611605601425,0.07683120900765061,76.50265259809952,53.430447203893024,1.0,7,9
cvrp_n20_seed9,20,9,4,0.1,FEASIBLE,True,155.51327693118856,0.12739162502111867,89.2103790431641,42.63487928259793,1.0,10,9
cvrp_n20_seed9,20,9,4,0.5,FEASIBLE,True,139.78939637391306,0.522496541030705,95.16949835210512,31.919372412523504,210.0,10,9
cvrp_n20_seed9,20,9,4,1.0,FEASIBLE,True,139.78939637391306,1.0219025409896858,97.34439819189608,30.363532058242654,1285.0,10,9
