network_seed,scenario,mild,moderate,severe,severe_minus_mild,metric
0,weekday_midday,0.0,0.0,0.0,0.0,mean_ml_improvement_vs_free_flow_percent
0,weekday_rush,3.860449558306588,4.025953022357886,4.238108418770437,0.37765886046384933,mean_ml_improvement_vs_free_flow_percent
0,weekend_evening,3.135782801352216,3.0939332654110996,3.06012745680395,-0.07565534454826617,mean_ml_improvement_vs_free_flow_percent
0,weekend_midday,0.0,0.0,0.0,0.0,mean_ml_improvement_vs_free_flow_percent
1,weekday_midday,-0.4753287655015114,-0.57144027590625,-0.6517298461808922,-0.17640108067938087,mean_ml_improvement_vs_free_flow_percent
1,weekday_rush,1.117651895889006,1.2314589858706677,1.3751792254305055,0.2575273295414995,mean_ml_improvement_vs_free_flow_percent
1,weekend_evening,3.3787731978755535,3.568165991299912,3.8254955348212514,0.44672233694569785,mean_ml_improvement_vs_free_flow_percent
1,weekend_midday,2.583582368900492,2.7569074341549076,2.9937834411455926,0.4102010722451004,mean_ml_improvement_vs_free_flow_percent
2,weekday_midday,0.984280691970288,0.9408351737689816,0.943645601400834,-0.040635090569454024,mean_ml_improvement_vs_free_flow_percent
2,weekday_rush,1.6132255312037356,1.9309443344681092,2.292680508516291,0.6794549773125556,mean_ml_improvement_vs_free_flow_percent
2,weekend_evening,0.0,0.0,0.0,0.0,mean_ml_improvement_vs_free_flow_percent
2,weekend_midday,0.0,0.0,0.0,0.0,mean_ml_improvement_vs_free_flow_percent
3,weekday_midday,0.662795068144553,0.9908841650692646,1.3828290178638696,0.7200339497193166,mean_ml_improvement_vs_free_flow_percent
3,weekday_rush,-0.5525057279700065,-0.745782693698569,-1.0250163945457105,-0.47251066657570395,mean_ml_improvement_vs_free_flow_percent
3,weekend_evening,7.912655711226763,7.637733007015522,7.241546178977984,-0.6711095322487788,mean_ml_improvement_vs_free_flow_percent
3,weekend_midday,-0.9654659203475168,-0.957908186409366,-0.960733227689206,0.004732692658310778,mean_ml_improvement_vs_free_flow_percent
4,weekday_midday,3.956685396274478,3.910774943068324,3.817582122265172,-0.1391032740093059,mean_ml_improvement_vs_free_flow_percent
4,weekday_rush,1.7057640880761953,1.879563626461744,2.0794392993487087,0.37367521127251346,mean_ml_improvement_vs_free_flow_percent
4,weekend_evening,2.6734335873113255,3.0142371947771327,3.4349646339673696,0.7615310466560441,mean_ml_improvement_vs_free_flow_percent
4,weekend_midday,2.755516439601652,2.6017917161871114,2.4208766998132867,-0.33463973978836536,mean_ml_improvement_vs_free_flow_percent
5,weekday_midday,0.3140558236872334,0.7310963990066571,1.2381586275884644,0.924102803901231,mean_ml_improvement_vs_free_flow_percent
5,weekday_rush,0.0,1.7554976204452904e-14,0.0,0.0,mean_ml_improvement_vs_free_flow_percent
5,weekend_evening,3.995622612443643,3.850131403001979,3.6670898270949848,-0.32853278534865815,mean_ml_improvement_vs_free_flow_percent
5,weekend_midday,4.9849176615947135,5.094876522600374,5.198658750244843,0.21374108865012964,mean_ml_improvement_vs_free_flow_percent
6,weekday_midday,1.6148644305045097,1.5294146596006049,1.3953779849768375,-0.21948644552767216,mean_ml_improvement_vs_free_flow_percent
6,weekday_rush,0.0,0.0,0.0,0.0,mean_ml_improvement_vs_free_flow_percent
6,weekend_evening,3.617228947598066,3.3143926553897813,2.9317116604699818,-0.6855172871280844,mean_ml_improvement_vs_free_flow_percent
6,weekend_midday,0.0,0.0,0.0,0.0,mean_ml_improvement_vs_free_flow_percent
7,weekday_midday,1.4709799922989957,1.6293453432589575,1.909168219704048,0.43818822740505237,mean_ml_improvement_vs_free_flow_percent
7,weekday_rush,1.6989367461520264,1.8655798330631077,2.1068586910758764,0.40792194492385003,mean_ml_improvement_vs_free_flow_percent
7,weekend_evening,0.7844394771525001,0.6612822541196982,0.5325532580030189,-0.25188621914948117,mean_ml_improvement_vs_free_flow_percent
7,weekend_midday,-1.2307772283954306,-1.274020577902151,-1.252498523571942,-0.021721295176511335,mean_ml_improvement_vs_free_flow_percent
8,weekday_midday,-1.4934318261794188,-1.744389177544002,-2.01272194013557,-0.519290113956151,mean_ml_improvement_vs_free_flow_percent
8,weekday_rush,2.712404688605571,2.8139679033474883,2.950817980949473,0.23841329234390196,mean_ml_improvement_vs_free_flow_percent
8,weekend_evening,2.254838359194226,2.356461124646395,2.4789386408779337,0.22410028168370788,mean_ml_improvement_vs_free_flow_percent
8,weekend_midday,0.0,0.0,0.0,0.0,mean_ml_improvement_vs_free_flow_percent
9,weekday_midday,1.7733832026452625,1.3752243384579912,0.8236834770322619,-0.9496997256130006,mean_ml_improvement_vs_free_flow_percent
9,weekday_rush,4.885434638583871,4.581572633112298,4.192261804337899,-0.6931728342459724,mean_ml_improvement_vs_free_flow_percent
9,weekend_evening,3.991747717000132,4.225078833630098,4.440544333474028,0.4487966164738961,mean_ml_improvement_vs_free_flow_percent
9,weekend_midday,0.0,0.0,0.0,0.0,mean_ml_improvement_vs_free_flow_percent
10,weekday_midday,0.0,0.0,0.0,0.0,mean_ml_improvement_vs_free_flow_percent
10,weekday_rush,0.0,0.0,0.0,0.0,mean_ml_improvement_vs_free_flow_percent
10,weekend_evening,0.0,0.0,0.0,0.0,mean_ml_improvement_vs_free_flow_percent
10,weekend_midday,0.0,0.0,0.0,0.0,mean_ml_improvement_vs_free_flow_percent
11,weekday_midday,-0.6946749112661273,-0.675392578625311,-0.5792270880161631,0.11544782324996428,mean_ml_improvement_vs_free_flow_percent
11,weekday_rush,0.6885382212790915,0.8625064322913227,1.1560633069874242,0.46752508570833273,mean_ml_improvement_vs_free_flow_percent
11,weekend_evening,6.80234979723195,6.8242488639948915,6.912478035588072,0.11012823835612195,mean_ml_improvement_vs_free_flow_percent
11,weekend_midday,-0.3155928418148564,-0.270623807656753,-0.20802916533548,0.10756367647937642,mean_ml_improvement_vs_free_flow_percent
12,weekday_midday,0.0,0.0,0.0,0.0,mean_ml_improvement_vs_free_flow_percent
12,weekday_rush,1.203368268747426,0.9862414345147196,0.7614960173235559,-0.4418722514238702,mean_ml_improvement_vs_free_flow_percent
12,weekend_evening,3.70159930420627,3.5067492901073742,3.2087390030316563,-0.49286030117461355,mean_ml_improvement_vs_free_flow_percent
12,weekend_midday,0.0,0.0,0.0,0.0,mean_ml_improvement_vs_free_flow_percent
13,weekday_midday,-1.9527226135674776,-2.036686352689765,-2.0683726604388593,-0.1156500468713817,mean_ml_improvement_vs_free_flow_percent
13,weekday_rush,6.5103594309789194,6.6294395839691465,6.759652902681086,0.24929347170216687,mean_ml_improvement_vs_free_flow_percent
13,weekend_evening,0.0,0.0,0.0,0.0,mean_ml_improvement_vs_free_flow_percent
13,weekend_midday,2.5530055561666765,2.6482639833127175,2.6827632817289393,0.12975772556226284,mean_ml_improvement_vs_free_flow_percent
14,weekday_midday,3.74965559591621,3.747341084764063,3.62171339870688,-0.12794219720932976,mean_ml_improvement_vs_free_flow_percent
14,weekday_rush,3.1364966282569067,2.958824681317475,2.7003742115819565,-0.4361224166749502,mean_ml_improvement_vs_free_flow_percent
14,weekend_evening,0.6035395511345915,0.6369583564669282,0.6221883774355641,0.018648826300972643,mean_ml_improvement_vs_free_flow_percent
14,weekend_midday,1.5283344135661167e-14,-1.5298494480583266e-14,0.0,-1.5283344135661167e-14,mean_ml_improvement_vs_free_flow_percent
15,weekday_midday,4.594493666848766,4.351458315521416,4.0986673566440395,-0.4958263102047269,mean_ml_improvement_vs_free_flow_percent
15,weekday_rush,4.322041184439949,4.354848667836046,4.441781599548291,0.11974041510834166,mean_ml_improvement_vs_free_flow_percent
15,weekend_evening,2.7867285956973887e-14,0.0,0.0,-2.7867285956973887e-14,mean_ml_improvement_vs_free_flow_percent
15,weekend_midday,1.7338125145156578,1.559716628222196,1.3255008971069393,-0.40831161740871846,mean_ml_improvement_vs_free_flow_percent
16,weekday_midday,2.4308544149787417,2.599789549753623,2.9127889123409196,0.48193449736217797,mean_ml_improvement_vs_free_flow_percent
16,weekday_rush,0.0,0.0,0.0,0.0,mean_ml_improvement_vs_free_flow_percent
16,weekend_evening,0.0,0.0,0.0,0.0,mean_ml_improvement_vs_free_flow_percent
16,weekend_midday,0.8374380876418043,0.8302412933302293,0.8319277478686774,-0.005510339773126871,mean_ml_improvement_vs_free_flow_percent
17,weekday_midday,-0.162505029774434,-0.117456887568505,-0.0450007498256242,0.11750427994880981,mean_ml_improvement_vs_free_flow_percent
17,weekday_rush,4.545965459909026,4.766419958750255,5.062562170384792,0.516596710475766,mean_ml_improvement_vs_free_flow_percent
17,weekend_evening,5.889696395629679,5.9550908426222655,6.097708373941362,0.20801197831168317,mean_ml_improvement_vs_free_flow_percent
17,weekend_midday,0.0,0.0,0.0,0.0,mean_ml_improvement_vs_free_flow_percent
18,weekday_midday,1.4455027737674462,1.7764510808941,2.2002669668634915,0.7547641930960454,mean_ml_improvement_vs_free_flow_percent
18,weekday_rush,0.0,0.0,0.0,0.0,mean_ml_improvement_vs_free_flow_percent
18,weekend_evening,0.0,0.0,-2.1856689612146215e-14,-2.1856689612146215e-14,mean_ml_improvement_vs_free_flow_percent
18,weekend_midday,-0.9668852754904586,-1.0615054212276631,-1.1698044344449638,-0.2029191589545053,mean_ml_improvement_vs_free_flow_percent
19,weekday_midday,5.478865404996591,5.436584490017517,5.44583894781204,-0.033026457184551106,mean_ml_improvement_vs_free_flow_percent
19,weekday_rush,3.222918259885617,2.9929186492447832,2.668891239713686,-0.5540270201719308,mean_ml_improvement_vs_free_flow_percent
19,weekend_evening,-1.1458254204957932,-1.3102131808636557,-1.5101204753093522,-0.36429505481355906,mean_ml_improvement_vs_free_flow_percent
19,weekend_midday,1.012521770038689,0.8097668249126863,0.4847864083579132,-0.5277353616807758,mean_ml_improvement_vs_free_flow_percent
20,weekday_midday,0.8583504204760402,0.9258005403491232,1.056846531239079,0.19849611076303875,mean_ml_improvement_vs_free_flow_percent
20,weekday_rush,5.267516531774548,5.122971274744029,4.870678667487752,-0.39683786428679557,mean_ml_improvement_vs_free_flow_percent
20,weekend_evening,0.0,0.0,0.0,0.0,mean_ml_improvement_vs_free_flow_percent
20,weekend_midday,0.0,0.0,0.0,0.0,mean_ml_improvement_vs_free_flow_percent
21,weekday_midday,0.0,0.0,0.0,0.0,mean_ml_improvement_vs_free_flow_percent
21,weekday_rush,0.8629560508388121,0.9514414578373196,1.1199465548518557,0.2569905040130436,mean_ml_improvement_vs_free_flow_percent
21,weekend_evening,2.089929531440394,2.439245131414019,2.8892197880468307,0.7992902566064366,mean_ml_improvement_vs_free_flow_percent
21,weekend_midday,0.3223806837145919,-0.0792389298373657,-0.5434622406833854,-0.8658429243979773,mean_ml_improvement_vs_free_flow_percent
22,weekday_midday,0.0,0.0,0.0,0.0,mean_ml_improvement_vs_free_flow_percent
22,weekday_rush,6.717713271861656,6.6858304481087,6.591827892995983,-0.12588537886567241,mean_ml_improvement_vs_free_flow_percent
22,weekend_evening,2.0733721590544976,2.16902598014605,2.3580880249555967,0.2847158659010991,mean_ml_improvement_vs_free_flow_percent
22,weekend_midday,0.0,0.0,0.0,0.0,mean_ml_improvement_vs_free_flow_percent
23,weekday_midday,0.0,0.0,1.6093531505588934e-14,1.6093531505588934e-14,mean_ml_improvement_vs_free_flow_percent
23,weekday_rush,0.0,0.0,0.0,0.0,mean_ml_improvement_vs_free_flow_percent
23,weekend_evening,0.0,0.0,0.0,0.0,mean_ml_improvement_vs_free_flow_percent
23,weekend_midday,0.0,0.0,0.0,0.0,mean_ml_improvement_vs_free_flow_percent
24,weekday_midday,1.7708092387465235,1.6119806704770554,1.291625426924881,-0.4791838118216425,mean_ml_improvement_vs_free_flow_percent
24,weekday_rush,3.716642928593944,3.5988852316109785,3.516621318534347,-0.20002161005959707,mean_ml_improvement_vs_free_flow_percent
24,weekend_evening,0.0,0.0,0.0,0.0,mean_ml_improvement_vs_free_flow_percent
24,weekend_midday,-0.6269554620889325,-0.6334371446473644,-0.6420120438537682,-0.015056581764835708,mean_ml_improvement_vs_free_flow_percent
25,weekday_midday,1.2881052482748587,1.2374071510357771,1.168387501279911,-0.11971774699494775,mean_ml_improvement_vs_free_flow_percent
25,weekday_rush,0.0,0.0,0.0,0.0,mean_ml_improvement_vs_free_flow_percent
25,weekend_evening,0.0,0.0,0.0,0.0,mean_ml_improvement_vs_free_flow_percent
25,weekend_midday,0.0,0.0,0.0,0.0,mean_ml_improvement_vs_free_flow_percent
26,weekday_midday,2.0281793214248025,1.7594796804033288,1.4064940445925993,-0.6216852768322032,mean_ml_improvement_vs_free_flow_percent
26,weekday_rush,0.7021945727959774,0.7753411263878798,0.8620392537703658,0.15984468097438842,mean_ml_improvement_vs_free_flow_percent
26,weekend_evening,1.7066020929633214,1.786499730027696,1.8957106459632889,0.18910855299996743,mean_ml_improvement_vs_free_flow_percent
26,weekend_midday,0.0,0.0,0.0,0.0,mean_ml_improvement_vs_free_flow_percent
27,weekday_midday,0.0,2.7143890222529976e-14,0.0,0.0,mean_ml_improvement_vs_free_flow_percent
27,weekday_rush,0.0,0.0,0.0,0.0,mean_ml_improvement_vs_free_flow_percent
27,weekend_evening,0.0,0.0,1.2713933063783068e-14,1.2713933063783068e-14,mean_ml_improvement_vs_free_flow_percent
27,weekend_midday,0.0,0.0,0.0,0.0,mean_ml_improvement_vs_free_flow_percent
28,weekday_midday,0.0,0.0,0.0,0.0,mean_ml_improvement_vs_free_flow_percent
28,weekday_rush,0.0,0.0,0.0,0.0,mean_ml_improvement_vs_free_flow_percent
28,weekend_evening,0.7898272385000669,0.5822945152241192,0.3046374733410401,-0.4851897651590268,mean_ml_improvement_vs_free_flow_percent
28,weekend_midday,0.0,0.0,0.0,0.0,mean_ml_improvement_vs_free_flow_percent
29,weekday_midday,0.0,0.0,0.0,0.0,mean_ml_improvement_vs_free_flow_percent
29,weekday_rush,0.0,0.0,0.0,0.0,mean_ml_improvement_vs_free_flow_percent
29,weekend_evening,-2.620951649324116e-14,0.0,0.0,2.620951649324116e-14,mean_ml_improvement_vs_free_flow_percent
29,weekend_midday,0.0,0.0,0.0,0.0,mean_ml_improvement_vs_free_flow_percent
0,weekday_midday,0.0,0.0,0.0,0.0,loss_probability
0,weekday_rush,0.04,0.17,0.24,0.19999999999999998,loss_probability
0,weekend_evening,0.14,0.27,0.34,0.2,loss_probability
0,weekend_midday,0.0,0.0,0.0,0.0,loss_probability
1,weekday_midday,0.59,0.58,0.54,-0.04999999999999993,loss_probability
1,weekday_rush,0.28,0.35,0.38,0.09999999999999998,loss_probability
1,weekend_evening,0.07,0.17,0.26,0.19,loss_probability
1,weekend_midday,0.18,0.31,0.35,0.16999999999999998,loss_probability
2,weekday_midday,0.37,0.4,0.41,0.03999999999999998,loss_probability
2,weekday_rush,0.3,0.34,0.35,0.04999999999999999,loss_probability
2,weekend_evening,0.0,0.0,0.0,0.0,loss_probability
2,weekend_midday,0.0,0.0,0.0,0.0,loss_probability
3,weekday_midday,0.46,0.46,0.46,0.0,loss_probability
3,weekday_rush,0.6,0.58,0.56,-0.039999999999999925,loss_probability
3,weekend_evening,0.0,0.05,0.11,0.11,loss_probability
3,weekend_midday,0.62,0.6,0.57,-0.050000000000000044,loss_probability
4,weekday_midday,0.14,0.26,0.36,0.21999999999999997,loss_probability
4,weekday_rush,0.28,0.37,0.39,0.10999999999999999,loss_probability
4,weekend_evening,0.17,0.26,0.29,0.11999999999999997,loss_probability
4,weekend_midday,0.21,0.35,0.38,0.17,loss_probability
5,weekday_midday,0.43,0.4,0.39,-0.03999999999999998,loss_probability
5,weekday_rush,0.0,0.0,0.0,0.0,loss_probability
5,weekend_evening,0.04,0.17,0.26,0.22,loss_probability
5,weekend_midday,0.07,0.2,0.28,0.21000000000000002,loss_probability
6,weekday_midday,0.29,0.41,0.45,0.16000000000000003,loss_probability
6,weekday_rush,0.0,0.0,0.0,0.0,loss_probability
6,weekend_evening,0.03,0.22,0.33,0.30000000000000004,loss_probability
6,weekend_midday,0.0,0.0,0.0,0.0,loss_probability
7,weekday_midday,0.23,0.29,0.34,0.11000000000000001,loss_probability
7,weekday_rush,0.28,0.34,0.36,0.07999999999999996,loss_probability
7,weekend_evening,0.32,0.36,0.41,0.08999999999999997,loss_probability
7,weekend_midday,0.7,0.63,0.58,-0.12,loss_probability
8,weekday_midday,0.74,0.69,0.66,-0.07999999999999996,loss_probability
8,weekday_rush,0.08,0.14,0.23,0.15000000000000002,loss_probability
8,weekend_evening,0.18,0.25,0.34,0.16000000000000003,loss_probability
8,weekend_midday,0.0,0.0,0.0,0.0,loss_probability
9,weekday_midday,0.13,0.3,0.45,0.32,loss_probability
9,weekday_rush,0.01,0.13,0.28,0.27,loss_probability
9,weekend_evening,0.03,0.1,0.17,0.14,loss_probability
9,weekend_midday,0.0,0.0,0.0,0.0,loss_probability
10,weekday_midday,0.0,0.0,0.0,0.0,loss_probability
10,weekday_rush,0.0,0.0,0.0,0.0,loss_probability
10,weekend_evening,0.0,0.0,0.0,0.0,loss_probability
10,weekend_midday,0.0,0.0,0.0,0.0,loss_probability
11,weekday_midday,0.63,0.58,0.55,-0.07999999999999996,loss_probability
11,weekday_rush,0.38,0.42,0.42,0.03999999999999998,loss_probability
11,weekend_evening,0.0,0.04,0.11,0.11,loss_probability
11,weekend_midday,0.54,0.52,0.49,-0.050000000000000044,loss_probability
12,weekday_midday,0.0,0.0,0.0,0.0,loss_probability
12,weekday_rush,0.34,0.4,0.44,0.09999999999999998,loss_probability
12,weekend_evening,0.03,0.19,0.32,0.29000000000000004,loss_probability
12,weekend_midday,0.0,0.0,0.0,0.0,loss_probability
13,weekday_midday,0.71,0.62,0.58,-0.13,loss_probability
13,weekday_rush,0.03,0.13,0.17,0.14,loss_probability
13,weekend_evening,0.0,0.0,0.0,0.0,loss_probability
13,weekend_midday,0.21,0.29,0.35,0.13999999999999999,loss_probability
14,weekday_midday,0.18,0.29,0.38,0.2,loss_probability
14,weekday_rush,0.01,0.17,0.26,0.25,loss_probability
14,weekend_evening,0.33,0.36,0.38,0.04999999999999999,loss_probability
14,weekend_midday,0.0,0.0,0.0,0.0,loss_probability
15,weekday_midday,0.15,0.28,0.35,0.19999999999999998,loss_probability
15,weekday_rush,0.06,0.23,0.29,0.22999999999999998,loss_probability
15,weekend_evening,0.0,0.0,0.0,0.0,loss_probability
15,weekend_midday,0.31,0.42,0.47,0.15999999999999998,loss_probability
16,weekday_midday,0.16,0.2,0.25,0.09,loss_probability
16,weekday_rush,0.0,0.0,0.0,0.0,loss_probability
16,weekend_evening,0.0,0.0,0.0,0.0,loss_probability
16,weekend_midday,0.4,0.45,0.47,0.06999999999999995,loss_probability
17,weekday_midday,0.49,0.45,0.45,-0.03999999999999998,loss_probability
17,weekday_rush,0.09,0.21,0.3,0.21,loss_probability
17,weekend_evening,0.02,0.06,0.18,0.16,loss_probability
17,weekend_midday,0.0,0.0,0.0,0.0,loss_probability
18,weekday_midday,0.35,0.39,0.4,0.050000000000000044,loss_probability
18,weekday_rush,0.0,0.0,0.0,0.0,loss_probability
18,weekend_evening,0.0,0.0,0.0,0.0,loss_probability
18,weekend_midday,0.62,0.61,0.58,-0.040000000000000036,loss_probability
19,weekday_midday,0.04,0.11,0.22,0.18,loss_probability
19,weekday_rush,0.07,0.15,0.22,0.15,loss_probability
19,weekend_evening,0.69,0.64,0.61,-0.07999999999999996,loss_probability
19,weekend_midday,0.35,0.45,0.48,0.13,loss_probability
20,weekday_midday,0.38,0.41,0.47,0.08999999999999997,loss_probability
20,weekday_rush,0.03,0.17,0.32,0.29000000000000004,loss_probability
20,weekend_evening,0.0,0.0,0.0,0.0,loss_probability
20,weekend_midday,0.0,0.0,0.0,0.0,loss_probability
21,weekday_midday,0.0,0.0,0.0,0.0,loss_probability
21,weekday_rush,0.28,0.36,0.39,0.10999999999999999,loss_probability
21,weekend_evening,0.22,0.28,0.31,0.09,loss_probability
21,weekend_midday,0.49,0.54,0.53,0.040000000000000036,loss_probability
22,weekday_midday,0.0,0.0,0.0,0.0,loss_probability
22,weekday_rush,0.0,0.05,0.15,0.15,loss_probability
22,weekend_evening,0.13,0.22,0.28,0.15000000000000002,loss_probability
22,weekend_midday,0.0,0.0,0.0,0.0,loss_probability
23,weekday_midday,0.0,0.0,0.0,0.0,loss_probability
23,weekday_rush,0.0,0.0,0.0,0.0,loss_probability
23,weekend_evening,0.0,0.0,0.0,0.0,loss_probability
23,weekend_midday,0.0,0.0,0.0,0.0,loss_probability
24,weekday_midday,0.25,0.37,0.38,0.13,loss_probability
24,weekday_rush,0.2,0.28,0.35,0.14999999999999997,loss_probability
24,weekend_evening,0.0,0.0,0.0,0.0,loss_probability
24,weekend_midday,0.59,0.54,0.52,-0.06999999999999995,loss_probability
25,weekday_midday,0.27,0.34,0.4,0.13,loss_probability
25,weekday_rush,0.0,0.0,0.0,0.0,loss_probability
25,weekend_evening,0.0,0.0,0.0,0.0,loss_probability
25,weekend_midday,0.0,0.0,0.0,0.0,loss_probability
26,weekday_midday,0.26,0.36,0.44,0.18,loss_probability
26,weekday_rush,0.4,0.46,0.49,0.08999999999999997,loss_probability
26,weekend_evening,0.2,0.27,0.36,0.15999999999999998,loss_probability
26,weekend_midday,0.0,0.0,0.0,0.0,loss_probability
27,weekday_midday,0.0,0.0,0.0,0.0,loss_probability
27,weekday_rush,0.0,0.0,0.0,0.0,loss_probability
27,weekend_evening,0.0,0.0,0.0,0.0,loss_probability
27,weekend_midday,0.0,0.0,0.0,0.0,loss_probability
28,weekday_midday,0.0,0.0,0.0,0.0,loss_probability
28,weekday_rush,0.0,0.0,0.0,0.0,loss_probability
28,weekend_evening,0.39,0.44,0.48,0.08999999999999997,loss_probability
28,weekend_midday,0.0,0.0,0.0,0.0,loss_probability
29,weekday_midday,0.0,0.0,0.0,0.0,loss_probability
29,weekday_rush,0.0,0.0,0.0,0.0,loss_probability
29,weekend_evening,0.0,0.0,0.0,0.0,loss_probability
29,weekend_midday,0.0,0.0,0.0,0.0,loss_probability
0,weekday_midday,7.09263284457678,13.706500703900415,21.08404807079239,13.991415226215612,ml_realized_std
0,weekday_rush,7.670912878382226,15.757624137273629,25.160467642534503,17.489554764152277,ml_realized_std
0,weekend_evening,7.036577656960396,13.513441199572444,20.76678814301745,13.730210486057054,ml_realized_std
0,weekend_midday,5.764981295813013,10.384747819068648,15.54079590899,9.775814613176987,ml_realized_std
1,weekday_midday,6.266434556557339,12.157882562192473,18.84911898087694,12.582684424319602,ml_realized_std
1,weekday_rush,7.871489666481139,15.89822280368934,25.507327789704544,17.635838123223404,ml_realized_std
1,weekend_evening,6.3881734535003885,12.21602556100168,18.88673539258311,12.49856193908272,ml_realized_std
1,weekend_midday,5.874639047605461,10.783904744031563,16.194335238671567,10.319696191066106,ml_realized_std
2,weekday_midday,5.885048271621156,11.000908884042143,16.6190664992649,10.734018227643745,ml_realized_std
2,weekday_rush,9.031007465757511,18.383114587376504,29.118554897603637,20.087547431846126,ml_realized_std
2,weekend_evening,8.956613519924845,17.949960604220713,28.026903605404577,19.070290085479733,ml_realized_std
2,weekend_midday,6.755986973345211,12.52829687487636,18.76270409560941,12.0067171222642,ml_realized_std
3,weekday_midday,7.384051120072267,14.153437853293152,21.78966761910496,14.405616499032693,ml_realized_std
3,weekday_rush,8.359918781825153,17.21091334287754,27.568472093223093,19.208553311397942,ml_realized_std
3,weekend_evening,6.827675473420095,13.12376047377485,20.25711731400964,13.429441840589545,ml_realized_std
3,weekend_midday,5.933401646825099,10.66379503879654,15.781823075021512,9.848421428196414,ml_realized_std
4,weekday_midday,7.13054118902097,13.321210227874149,20.407559704543715,13.277018515522744,ml_realized_std
4,weekday_rush,8.844291700735301,18.1034703154576,29.222254043678927,20.377962342943626,ml_realized_std
4,weekend_evening,6.9758211179200655,13.641327762868125,21.279889202998035,14.304068085077969,ml_realized_std
4,weekend_midday,6.465988390272689,12.035591228456973,18.001363134211754,11.535374743939066,ml_realized_std
5,weekday_midday,7.034070015713645,13.084676915170682,19.91791581325105,12.883845797537404,ml_realized_std
5,weekday_rush,8.73816565054974,17.592618361510805,27.978291093884167,19.240125443334428,ml_realized_std
5,weekend_evening,8.112566996901009,16.074938244656117,25.051121650393075,16.938554653492066,ml_realized_std
5,weekend_midday,6.514206863374809,12.15274416961144,18.160603059156337,11.646396195781527,ml_realized_std
6,weekday_midday,6.307655075608171,11.630327809403376,17.46374779790772,11.156092722299547,ml_realized_std
6,weekday_rush,9.693179696421804,20.225266174440502,32.716327917437525,23.02314822101572,ml_realized_std
6,weekend_evening,7.909207243697839,15.673693973827367,24.361857409099404,16.452650165401565,ml_realized_std
6,weekend_midday,6.09500584184538,11.223845040675725,16.72764610297826,10.63264026113288,ml_realized_std
7,weekday_midday,6.279324548977891,11.862548110027108,18.07872320979,11.799398660812109,ml_realized_std
7,weekday_rush,7.748006866558298,15.399234072511602,24.28402725495779,16.53602038839949,ml_realized_std
7,weekend_evening,6.0595703950710975,11.607516572296593,17.885822845746908,11.82625245067581,ml_realized_std
7,weekend_midday,5.515192926531974,9.897415468296964,14.652961524839112,9.137768598307138,ml_realized_std
8,weekday_midday,7.228381760849377,14.123618809549557,21.938458432398225,14.710076671548848,ml_realized_std
8,weekday_rush,7.637843984806483,15.537703223225064,24.636995755034924,16.99915177022844,ml_realized_std
8,weekend_evening,7.1738196550944915,14.015796269549632,21.81818168383761,14.64436202874312,ml_realized_std
8,weekend_midday,4.993627518694039,9.38204558170823,14.089245086147663,9.095617567453624,ml_realized_std
9,weekday_midday,6.936305374926535,13.635920123553475,20.98016682688699,14.043861451960455,ml_realized_std
9,weekday_rush,9.626199792342714,20.111171498232697,32.10627078678764,22.480070994444926,ml_realized_std
9,weekend_evening,8.001915946268198,16.221112948609655,25.57954967936003,17.577633733091833,ml_realized_std
9,weekend_midday,5.582954688638244,10.41472487336147,15.586674058409798,10.003719369771554,ml_realized_std
10,weekday_midday,6.540087196032396,12.206559222194125,18.844937065103753,12.304849869071358,ml_realized_std
10,weekday_rush,7.876179880421621,16.36552073923445,26.18852005243365,18.31234017201203,ml_realized_std
10,weekend_evening,7.029358315166141,13.621576585372154,21.346970169636243,14.317611854470101,ml_realized_std
10,weekend_midday,5.605751332968158,10.02563492089138,14.876257656643512,9.270506323675354,ml_realized_std
11,weekday_midday,6.107612889689807,11.444229733676746,17.561683114366524,11.454070224676716,ml_realized_std
11,weekday_rush,6.24509854435653,12.128624577595906,18.977074174288685,12.731975629932155,ml_realized_std
11,weekend_evening,5.810956517781514,11.051828549791283,16.96655728865533,11.155600770873818,ml_realized_std
11,weekend_midday,4.5520997549007625,7.987070397091785,11.911072987236672,7.358973232335909,ml_realized_std
12,weekday_midday,8.60905815303124,16.850234221297296,25.938886770176374,17.329828617145132,ml_realized_std
12,weekday_rush,11.294784146028052,23.221170120164476,36.922482526308734,25.627698380280684,ml_realized_std
12,weekend_evening,8.99191779574761,17.864183523438218,27.963698567642503,18.971780771894892,ml_realized_std
12,weekend_midday,6.9325316422302405,12.98729564690804,19.490106571643803,12.557574929413562,ml_realized_std
13,weekday_midday,5.20157380443967,9.672267163389922,14.753242494912367,9.551668690472697,ml_realized_std
13,weekday_rush,6.875351264969018,13.209528348934263,20.67756336919014,13.802212104221121,ml_realized_std
13,weekend_evening,5.493170452408368,10.542551493866144,16.435736132028218,10.94256567961985,ml_realized_std
13,weekend_midday,4.720800136768385,8.457718731203746,12.62486852553977,7.9040683887713845,ml_realized_std
14,weekday_midday,5.894368841073735,10.78801188487492,16.426493749933197,10.532124908859462,ml_realized_std
14,weekday_rush,7.0764907752666195,14.087060315091824,21.896811483878512,14.820320708611892,ml_realized_std
14,weekend_evening,5.8405231401426025,11.034458548474388,16.978728409832616,11.138205269690014,ml_realized_std
14,weekend_midday,5.714028504722405,10.256793677605067,15.2642105730031,9.550182068280694,ml_realized_std
15,weekday_midday,4.96629509535867,9.113624712359735,13.879579704280149,8.91328460892148,ml_realized_std
15,weekday_rush,6.383184556748764,12.665754900576069,20.23892096408603,13.855736407337266,ml_realized_std
15,weekend_evening,5.679849039729847,10.838237854333718,16.787804799018343,11.107955759288496,ml_realized_std
15,weekend_midday,5.4963454898520085,9.755340052010586,14.594902858377578,9.098557368525569,ml_realized_std
16,weekday_midday,6.574494003163191,12.12862780784888,18.30824737042158,11.733753367258387,ml_realized_std
16,weekday_rush,7.654847827282108,15.263256789079607,24.16104107663977,16.50619324935766,ml_realized_std
16,weekend_evening,7.627005988784029,14.84882909273429,23.154338813876628,15.527332825092598,ml_realized_std
16,weekend_midday,6.110845871074952,11.182624500640468,16.866229571870235,10.755383700795283,ml_realized_std
17,weekday_midday,6.720872449044259,12.722312661425825,19.30283984069511,12.581967391650853,ml_realized_std
17,weekday_rush,8.802626772670457,18.130257613203177,28.80567072441799,20.003043951747532,ml_realized_std
17,weekend_evening,7.57659935273414,14.581037688725209,22.008410990065048,14.431811637330908,ml_realized_std
17,weekend_midday,6.636482826965291,12.217565146936744,18.416727323176737,11.780244496211445,ml_realized_std
18,weekday_midday,7.159501703820797,13.839268448945548,21.18355959638332,14.02405789256252,ml_realized_std
18,weekday_rush,8.370366029837635,17.039430615477873,27.297007414630507,18.926641384792873,ml_realized_std
18,weekend_evening,8.11393857009494,16.178770558104024,25.45378746490176,17.33984889480682,ml_realized_std
18,weekend_midday,5.918869384897603,10.835518938850791,16.287277648679606,10.368408263782003,ml_realized_std
19,weekday_midday,6.005931274978169,11.3222442713173,17.131970476810384,11.126039201832215,ml_realized_std
19,weekday_rush,7.678569555301927,15.30157105084698,24.12218194886725,16.443612393565324,ml_realized_std
19,weekend_evening,7.753586667183749,15.176825388139026,23.39661533899175,15.643028671808002,ml_realized_std
19,weekend_midday,5.87780318520427,10.665087297555225,15.696107261104125,9.818304075899855,ml_realized_std
20,weekday_midday,5.2070794176854,10.037920878726808,15.304600073735893,10.097520656050492,ml_realized_std
20,weekday_rush,7.177179964178233,14.511288869006671,22.953973642127742,15.77679367794951,ml_realized_std
20,weekend_evening,6.829968329353296,13.538075987176397,21.16330319096382,14.333334861610524,ml_realized_std
20,weekend_midday,5.072509065777357,9.077023258900018,13.586498675307974,8.513989609530617,ml_realized_std
21,weekday_midday,7.014785065301413,13.199570642427645,20.334072291376227,13.319287226074813,ml_realized_std
21,weekday_rush,9.476252912110048,19.932398209374004,32.122018013651605,22.645765101541556,ml_realized_std
21,weekend_evening,7.413597087834275,14.67688587314658,22.729935327958927,15.31633824012465,ml_realized_std
21,weekend_midday,5.892054278631944,10.828595348548587,16.31225187628293,10.420197597650985,ml_realized_std
22,weekday_midday,6.996723661377072,13.574545266143978,20.951083790027013,13.954360128649942,ml_realized_std
22,weekday_rush,8.863405291577303,17.418264583318134,27.214146188526563,18.35074089694926,ml_realized_std
22,weekend_evening,8.017251911885616,15.418750770007335,23.83919583195162,15.821943920066005,ml_realized_std
22,weekend_midday,6.228380212539198,11.131151387139868,16.65103421299572,10.422654000456523,ml_realized_std
23,weekday_midday,5.189152991043603,9.6290289772993,14.48383053255896,9.294677541515357,ml_realized_std
23,weekday_rush,6.668507134857053,13.468134204777634,21.545900866010047,14.877393731152996,ml_realized_std
23,weekend_evening,6.4912194110947485,12.878288179268072,20.247107900604796,13.755888489510047,ml_realized_std
23,weekend_midday,5.0684471921681,9.054210094497828,13.396044848713114,8.327597656545013,ml_realized_std
24,weekday_midday,5.904901795313059,10.732621655344198,16.165575531176405,10.260673735863346,ml_realized_std
24,weekday_rush,8.49019167933958,17.624327323514798,27.7730192469374,19.28282756759782,ml_realized_std
24,weekend_evening,6.163816304185073,11.966546349978763,18.77762853943317,12.613812235248098,ml_realized_std
24,weekend_midday,5.263931593248922,9.737825716908668,14.681855675424664,9.417924082175741,ml_realized_std
25,weekday_midday,6.146776827067206,11.41354775257253,17.332797007215486,11.18602018014828,ml_realized_std
25,weekday_rush,8.342375627122552,17.36783363408606,27.92175652884763,19.57938090172508,ml_realized_std
25,weekend_evening,6.936672748542925,13.720101371350683,21.22871199959873,14.292039251055805,ml_realized_std
25,weekend_midday,6.423329346794235,11.985412136281854,18.057348891742567,11.634019544948332,ml_realized_std
26,weekday_midday,6.961748101321444,13.2175241811393,20.081516650006407,13.119768548684963,ml_realized_std
26,weekday_rush,8.017901582881326,16.323901184930214,26.10415737449116,18.086255791609833,ml_realized_std
26,weekend_evening,7.846892726073049,15.74724825517756,24.776553090118764,16.929660364045716,ml_realized_std
26,weekend_midday,5.695411057126773,10.633639967217034,16.044783279952338,10.349372222825565,ml_realized_std
27,weekday_midday,6.718096704286995,12.703928668484505,19.537530935310944,12.819434231023948,ml_realized_std
27,weekday_rush,7.542838552766592,15.37705372670416,24.726602336877985,17.18376378411139,ml_realized_std
27,weekend_evening,7.386119264736331,14.262936042527222,21.813336124092334,14.427216859356003,ml_realized_std
27,weekend_midday,5.3220713253701515,9.613030379178683,14.45650358391363,9.134432258543479,ml_realized_std
28,weekday_midday,6.245214965822719,11.825571456250437,18.26607691584354,12.020861950020823,ml_realized_std
28,weekday_rush,8.54201728634757,17.115194921934318,27.254778036078573,18.712760749731004,ml_realized_std
28,weekend_evening,6.793760615167039,12.923919405807975,20.122045268167565,13.328284653000527,ml_realized_std
28,weekend_midday,4.911067182645015,8.67819204648069,13.011373042776627,8.100305860131613,ml_realized_std
29,weekday_midday,5.369276001948614,10.158692659234733,15.709460546550448,10.340184544601833,ml_realized_std
29,weekday_rush,7.865061816966251,16.036368128051297,25.8964211630945,18.03135934612825,ml_realized_std
29,weekend_evening,5.90537414436054,10.899455597001564,16.771553578309174,10.866179433948634,ml_realized_std
29,weekend_midday,5.0906106350695,9.127376576793331,13.613485419338252,8.522874784268751,ml_realized_std
