instance,num_customers,num_vehicles,solver,status,feasible,distance,runtime_seconds,optimality_gap_percent
cvrp_n5_seed0,5,2,Brute Force,OPTIMAL,True,47.34609657797435,0.0005066250159870833,0.0
cvrp_n5_seed0,5,2,Clarke-Wright,FEASIBLE,True,47.34609657797435,2.7457979740574956e-05,0.0
cvrp_n5_seed0,5,2,OR-Tools,FEASIBLE,True,47.34609657797435,1.0033142500033136,0.0
cvrp_n5_seed1,5,2,Brute Force,OPTIMAL,True,58.9518747440603,0.000398541014874354,0.0
cvrp_n5_seed1,5,2,Clarke-Wright,FEASIBLE,True,58.9518747440603,2.0792009308934212e-05,0.0
cvrp_n5_seed1,5,2,OR-Tools,FEASIBLE,True,58.9518747440603,1.0004712909867521,0.0
cvrp_n5_seed2,5,2,Brute Force,OPTIMAL,True,42.86324403220699,0.0004036249883938581,0.0
cvrp_n5_seed2,5,2,Clarke-Wright,FEASIBLE,True,42.86324403220699,1.8167018424719572e-05,0.0
cvrp_n5_seed2,5,2,OR-Tools,FEASIBLE,True,42.86324403220699,1.0004853749996983,0.0
cvrp_n5_seed3,5,2,Brute Force,OPTIMAL,True,64.030772917435,0.0004020000051241368,0.0
cvrp_n5_seed3,5,2,Clarke-Wright,FEASIBLE,True,64.03077291743502,1.866600359790027e-05,0.0
cvrp_n5_seed3,5,2,OR-Tools,FEASIBLE,True,64.030772917435,1.0004297500126995,0.0
cvrp_n5_seed4,5,2,Brute Force,OPTIMAL,True,45.415354694768695,0.0004042080254293978,0.0
cvrp_n5_seed4,5,2,Clarke-Wright,FEASIBLE,True,45.415354694768695,1.7375015886500478e-05,0.0
cvrp_n5_seed4,5,2,OR-Tools,FEASIBLE,True,45.4153546947687,1.0004481660143938,0.0
cvrp_n6_seed0,6,2,Brute Force,OPTIMAL,True,56.27970112985503,0.002535791980335489,0.0
cvrp_n6_seed0,6,2,Clarke-Wright,FEASIBLE,True,56.50747820195863,2.7250003768131137e-05,0.4047233150333291
cvrp_n6_seed0,6,2,OR-Tools,FEASIBLE,True,56.27970112985503,1.0006253749888856,0.0
cvrp_n6_seed1,6,2,Brute Force,OPTIMAL,True,72.36828260905904,0.0014476669894065708,0.0
cvrp_n6_seed1,6,2,Clarke-Wright,FEASIBLE,True,72.36828260905904,2.7250003768131137e-05,0.0
cvrp_n6_seed1,6,2,OR-Tools,FEASIBLE,True,72.36828260905904,1.0004292090015952,0.0
cvrp_n6_seed2,6,2,Brute Force,OPTIMAL,True,66.55991120783085,0.0009611250134184957,0.0
cvrp_n6_seed2,6,2,Clarke-Wright,FEASIBLE,True,66.55991120783085,1.94160093087703e-05,0.0
cvrp_n6_seed2,6,2,OR-Tools,FEASIBLE,True,66.55991120783085,1.0004294579848647,0.0
cvrp_n6_seed3,6,2,Brute Force,OPTIMAL,True,93.49580431863585,0.0013372079993132502,0.0
cvrp_n6_seed3,6,2,Clarke-Wright,FEASIBLE,True,93.49580431863585,1.7707992810755968e-05,0.0
cvrp_n6_seed3,6,2,OR-Tools,FEASIBLE,True,93.49580431863585,1.0004487910191528,0.0
cvrp_n6_seed4,6,2,Brute Force,OPTIMAL,True,51.366538369846594,0.0025863750197459012,0.0
cvrp_n6_seed4,6,2,Clarke-Wright,FEASIBLE,True,51.366538369846594,2.704199869185686e-05,0.0
cvrp_n6_seed4,6,2,OR-Tools,FEASIBLE,True,51.3665383698466,1.0005512500065379,0.0
cvrp_n7_seed0,7,2,Brute Force,OPTIMAL,True,56.85466186816518,0.020690375007689,0.0
cvrp_n7_seed0,7,2,Clarke-Wright,FEASIBLE,True,56.85466186816518,2.8791982913389802e-05,0.0
cvrp_n7_seed0,7,2,OR-Tools,FEASIBLE,True,56.85466186816518,1.0005380000220612,0.0
cvrp_n7_seed1,7,2,Brute Force,OPTIMAL,True,81.29530605783181,0.01012637498206459,0.0
cvrp_n7_seed1,7,2,Clarke-Wright,FEASIBLE,True,81.29530605783181,2.6416004402562976e-05,0.0
cvrp_n7_seed1,7,2,OR-Tools,FEASIBLE,True,81.29530605783181,1.0004365000058897,0.0
cvrp_n7_seed2,7,2,Brute Force,OPTIMAL,True,50.82639724144315,0.009903583995765075,0.0
cvrp_n7_seed2,7,2,Clarke-Wright,FEASIBLE,True,50.82639724144315,2.579099964350462e-05,0.0
cvrp_n7_seed2,7,2,OR-Tools,FEASIBLE,True,50.82639724144315,1.0004426250234246,0.0
cvrp_n7_seed3,7,2,Brute Force,OPTIMAL,True,97.49580431863585,0.007047416991554201,0.0
cvrp_n7_seed3,7,2,Clarke-Wright,FEASIBLE,True,97.49580431863585,2.4375010980293155e-05,0.0
cvrp_n7_seed3,7,2,OR-Tools,FEASIBLE,True,97.49580431863585,1.0004441670025699,0.0
cvrp_n7_seed4,7,2,Brute Force,OPTIMAL,True,51.536625695304856,0.019958292017690837,0.0
cvrp_n7_seed4,7,2,Clarke-Wright,FEASIBLE,True,51.536625695304856,2.5832996470853686e-05,0.0
cvrp_n7_seed4,7,2,OR-Tools,FEASIBLE,True,51.536625695304856,1.0005373339809012,0.0
cvrp_n8_seed0,8,2,Brute Force,OPTIMAL,True,69.22799389860194,0.10988329199608415,0.0
cvrp_n8_seed0,8,2,Clarke-Wright,FEASIBLE,True,69.22799389860194,3.612501313909888e-05,0.0
cvrp_n8_seed0,8,2,OR-Tools,FEASIBLE,True,69.22799389860194,1.000502792012412,0.0
cvrp_n8_seed1,8,2,Brute Force,OPTIMAL,True,78.86657677757009,0.13094908400671557,0.0
cvrp_n8_seed1,8,2,Clarke-Wright,FEASIBLE,True,78.86657677757009,3.183298395015299e-05,0.0
cvrp_n8_seed1,8,2,OR-Tools,FEASIBLE,True,78.86657677757009,1.0004814170242753,0.0
cvrp_n8_seed2,8,2,Brute Force,OPTIMAL,True,87.4858184639798,0.05461041699163616,0.0
cvrp_n8_seed2,8,2,Clarke-Wright,FEASIBLE,True,87.4858184639798,3.404100425541401e-05,0.0
cvrp_n8_seed2,8,2,OR-Tools,FEASIBLE,True,87.4858184639798,1.0005754579906352,0.0
cvrp_n8_seed3,8,2,Brute Force,OPTIMAL,True,98.26762309956266,0.03153062501223758,0.0
cvrp_n8_seed3,8,2,Clarke-Wright,FEASIBLE,True,98.26762309956266,3.766699228435755e-05,0.0
cvrp_n8_seed3,8,2,OR-Tools,FEASIBLE,True,98.26762309956266,1.0005433750047814,0.0
cvrp_n8_seed4,8,2,Brute Force,OPTIMAL,True,79.90017684127417,0.10614008401171304,0.0
cvrp_n8_seed4,8,2,Clarke-Wright,FEASIBLE,True,79.90017684127417,4.587500006891787e-05,0.0
cvrp_n8_seed4,8,2,OR-Tools,FEASIBLE,True,79.90017684127417,1.000637082994217,0.0
cvrp_n9_seed0,9,2,Brute Force,OPTIMAL,True,95.64929620457653,0.6220026669907384,0.0
cvrp_n9_seed0,9,2,Clarke-Wright,FEASIBLE,True,97.99399296167648,4.499999340623617e-05,2.451347631544587
cvrp_n9_seed0,9,2,OR-Tools,FEASIBLE,True,95.64929620457653,1.000619165977696,0.0
cvrp_n9_seed1,9,2,Brute Force,OPTIMAL,True,86.15900238451634,1.1445548329793382,0.0
cvrp_n9_seed1,9,2,Clarke-Wright,FEASIBLE,True,86.15900238451636,4.449998959898949e-05,0.0
cvrp_n9_seed1,9,2,OR-Tools,FEASIBLE,True,86.15900238451636,1.0005942920106463,0.0
cvrp_n9_seed2,9,2,Brute Force,OPTIMAL,True,93.53009815347812,0.18512545901467092,0.0
cvrp_n9_seed2,9,2,Clarke-Wright,FEASIBLE,True,93.53009815347812,5.287499516271055e-05,0.0
cvrp_n9_seed2,9,2,OR-Tools,FEASIBLE,True,93.53009815347812,1.000552792014787,0.0
cvrp_n9_seed3,9,2,Brute Force,OPTIMAL,True,98.27218726530658,0.5079987920180429,0.0
cvrp_n9_seed3,9,2,Clarke-Wright,FEASIBLE,True,98.27218726530658,3.9915990782901645e-05,0.0
cvrp_n9_seed3,9,2,OR-Tools,FEASIBLE,True,98.27218726530658,1.0005210420058575,0.0
cvrp_n9_seed4,9,2,Brute Force,OPTIMAL,True,78.38884746850219,0.8523440419812687,0.0
cvrp_n9_seed4,9,2,Clarke-Wright,FEASIBLE,True,78.38884746850219,4.737498238682747e-05,0.0
cvrp_n9_seed4,9,2,OR-Tools,FEASIBLE,True,78.38884746850219,1.0005820420046803,0.0
cvrp_n10_seed0,10,2,Clarke-Wright,FEASIBLE,True,96.51953507299278,4.437501775100827e-05,
cvrp_n10_seed0,10,2,OR-Tools,FEASIBLE,True,96.51953507299278,1.0005371670122258,
cvrp_n10_seed1,10,2,Clarke-Wright,FEASIBLE,True,107.75656599056848,4.6582979848608375e-05,
cvrp_n10_seed1,10,2,OR-Tools,FEASIBLE,True,99.00916198709595,1.0004346670175437,
cvrp_n10_seed2,10,2,Clarke-Wright,FEASIBLE,True,96.43048988846829,3.904200275428593e-05,
cvrp_n10_seed2,10,2,OR-Tools,FEASIBLE,True,96.43048988846829,1.000406250008382,
cvrp_n10_seed3,10,2,Clarke-Wright,FEASIBLE,True,100.91936910111319,3.6500015994533896e-05,
cvrp_n10_seed3,10,2,OR-Tools,FEASIBLE,True,100.91936910111319,1.0004365829809103,
cvrp_n10_seed4,10,2,Clarke-Wright,FEASIBLE,True,83.46135153446876,3.666698466986418e-05,
cvrp_n10_seed4,10,2,OR-Tools,FEASIBLE,True,83.19713016032063,1.0003719999804161,
cvrp_n20_seed0,20,4,Clarke-Wright,FEASIBLE,True,143.227149246448,0.00012137502199038863,
cvrp_n20_seed0,20,4,OR-Tools,FEASIBLE,True,143.22714924644802,1.0004659999976866,
cvrp_n20_seed1,20,4,Clarke-Wright,FEASIBLE,True,173.29867742434323,0.00012004098971374333,
cvrp_n20_seed1,20,4,OR-Tools,FEASIBLE,True,173.2986774243432,1.000517333013704,
cvrp_n20_seed2,20,4,Clarke-Wright,FEASIBLE,True,144.29798905618304,0.00011120899580419064,
cvrp_n20_seed2,20,4,OR-Tools,FEASIBLE,True,145.03679445042957,1.0005001249955967,
cvrp_n20_seed3,20,4,Clarke-Wright,FEASIBLE,True,192.3856462550804,0.00011004199041053653,
cvrp_n20_seed3,20,4,OR-Tools,FEASIBLE,True,186.32815957565805,1.0004342920146883,
cvrp_n20_seed4,20,4,Clarke-Wright,FEASIBLE,True,142.86649721272238,0.00010512498556636274,
cvrp_n20_seed4,20,4,OR-Tools,FEASIBLE,True,139.09604761082608,1.0003927500220016,
cvrp_n50_seed0,50,10,Clarke-Wright,FEASIBLE,True,309.7824765958829,0.0005936670058872551,
cvrp_n50_seed0,50,10,OR-Tools,FEASIBLE,True,318.78889791382204,1.0008626249909867,
cvrp_n50_seed1,50,10,Clarke-Wright,FEASIBLE,True,363.4522687832546,0.0005732499994337559,
cvrp_n50_seed1,50,10,OR-Tools,FEASIBLE,True,356.359007339763,1.000772416999098,
cvrp_n50_seed2,50,10,Clarke-Wright,FEASIBLE,True,326.2442252983409,0.0006100409955251962,
cvrp_n50_seed2,50,10,OR-Tools,FEASIBLE,True,324.41104124857685,1.000789417012129,
cvrp_n50_seed3,50,10,Clarke-Wright,FEASIBLE,True,398.33908211077335,0.0005631250096485019,
cvrp_n50_seed3,50,10,OR-Tools,FEASIBLE,True,383.66634286011873,1.0005890829779673,
cvrp_n50_seed4,50,10,Clarke-Wright,FEASIBLE,True,316.65015869384564,0.0005527920147869736,
cvrp_n50_seed4,50,10,OR-Tools,FEASIBLE,True,317.35335926491734,1.0005676670116372,
