instance,network_seed,scenario,scenario_index,hour,weekday,weather,road_seed,traffic_seed,edge_prediction_mae,distance_true_cost,free_flow_true_cost,ml_true_cost,oracle_true_cost,free_flow_improvement_vs_distance_percent,ml_improvement_vs_distance_percent,ml_improvement_vs_free_flow_percent,distance_regret_vs_oracle_percent,free_flow_regret_vs_oracle_percent,ml_regret_vs_oracle_percent,ml_outcome_vs_distance,ml_outcome_vs_free_flow,distance_routes,free_flow_routes,ml_routes,oracle_routes,distance_runtime_seconds,free_flow_runtime_seconds,ml_runtime_seconds,oracle_runtime_seconds,oracle_mip_gap
cvrp_n10_seed0,0,weekday_midday,0,12,2,clear,5000,10000,0.4101475062792091,135.87831450582001,113.86226182450787,113.86226182450787,113.86226182450787,16.202771399824172,16.202771399824172,0.0,19.335688865240318,0.0,0.0,win,tie,"[[0, 10, 9, 2, 0], [0, 4, 1, 3, 5, 6, 7, 8, 0]]","[[0, 2, 8, 7, 6, 4, 0], [0, 9, 10, 1, 5, 3, 0]]","[[0, 2, 8, 7, 6, 4, 0], [0, 9, 10, 1, 5, 3, 0]]","[[0, 3, 5, 1, 10, 9, 0], [0, 4, 6, 7, 8, 2, 0]]",1.0071806670166552,1.0023392500006594,1.0022914999863133,0.09999283397337422,0.0
cvrp_n10_seed0,0,weekday_rush,1,18,2,clear,5000,10001,0.6928283007789302,167.6388094759281,137.81479124588012,132.79307302940344,132.79307302940342,17.790640677587565,20.786198944897833,3.6438165824430637,26.24062810776963,3.781611571986723,0.0,win,win,"[[0, 10, 9, 2, 0], [0, 4, 1, 3, 5, 6, 7, 8, 0]]","[[0, 2, 8, 7, 6, 4, 0], [0, 9, 10, 1, 5, 3, 0]]","[[0, 4, 1, 5, 3, 10, 9, 0], [0, 6, 7, 8, 2, 0]]","[[0, 2, 8, 7, 6, 0], [0, 4, 1, 5, 3, 10, 9, 0]]",1.0071806670166552,1.0023392500006594,1.0021917090052739,0.19242262496845797,0.0
cvrp_n10_seed0,0,weekend_midday,2,12,5,clear,5000,10002,0.42540237204803344,115.17595679957032,100.06940123313038,100.06940123313038,100.06940123313038,13.116066917272004,13.116066917272004,0.0,15.096078701666649,0.0,0.0,win,tie,"[[0, 10, 9, 2, 0], [0, 4, 1, 3, 5, 6, 7, 8, 0]]","[[0, 2, 8, 7, 6, 4, 0], [0, 9, 10, 1, 5, 3, 0]]","[[0, 9, 10, 1, 5, 3, 0], [0, 2, 8, 7, 6, 4, 0]]","[[0, 9, 10, 1, 5, 3, 0], [0, 4, 6, 7, 8, 2, 0]]",1.0071806670166552,1.0023392500006594,1.002014666039031,0.21169845899567008,0.0
cvrp_n10_seed0,0,weekend_evening,3,19,5,clear,5000,10003,0.5697813609290615,130.82333320375662,123.27882921047937,119.25867581604396,119.25867581604396,5.766940658457862,8.839904246821757,3.261024962827661,9.697120405354068,3.370952567540228,0.0,win,win,"[[0, 10, 9, 2, 0], [0, 4, 1, 3, 5, 6, 7, 8, 0]]","[[0, 2, 8, 7, 6, 4, 0], [0, 9, 10, 1, 5, 3, 0]]","[[0, 2, 9, 10, 1, 4, 0], [0, 8, 7, 6, 5, 3, 0]]","[[0, 3, 5, 6, 7, 8, 0], [0, 4, 1, 10, 9, 2, 0]]",1.0071806670166552,1.0023392500006594,1.0019828750519082,0.14992154098581523,0.0
cvrp_n10_seed1,1,weekday_midday,0,12,2,clear,5001,10100,0.4131734012871474,116.98540293894749,116.81396863078314,117.16012959007038,115.63630878533766,0.14654333263596908,-0.14935765209449453,-0.2963352442731965,1.1666700258603269,1.018417016087597,1.3177701889131366,loss,loss,"[[0, 6, 10, 8, 4, 5, 9, 7, 0], [0, 3, 1, 2, 0]]","[[0, 2, 1, 3, 5, 4, 8, 0], [0, 6, 10, 9, 7, 0]]","[[0, 6, 10, 8, 0], [0, 2, 1, 3, 4, 5, 9, 7, 0]]","[[0, 2, 3, 1, 10, 6, 0], [0, 8, 4, 5, 9, 7, 0]]",1.0018344160052948,1.0017459579976276,1.0015897080302238,0.15336379205109552,0.0
cvrp_n10_seed1,1,weekday_rush,1,18,2,clear,5001,10101,0.5823460751002967,161.02264035244156,136.34141510613233,135.05868499089038,135.05868499089038,15.327798123473627,16.124412880525398,0.9408220636726047,19.22420269625935,0.9497575926557155,0.0,win,win,"[[0, 6, 10, 8, 4, 5, 9, 7, 0], [0, 3, 1, 2, 0]]","[[0, 2, 1, 3, 5, 4, 8, 0], [0, 6, 10, 9, 7, 0]]","[[0, 7, 9, 5, 4, 8, 0], [0, 2, 1, 3, 10, 6, 0]]","[[0, 8, 4, 5, 9, 7, 0], [0, 6, 10, 3, 1, 2, 0]]",1.0018344160052948,1.0017459579976276,1.0016062080394477,0.1687612910172902,0.0
cvrp_n10_seed1,1,weekend_midday,2,12,5,clear,5001,10102,0.45743508743148054,110.05446969328949,101.46480972566172,99.15365129233831,99.15365129233831,7.804916957544994,9.90493019622978,2.277793098486334,10.993864833894923,2.330885855639689,0.0,win,win,"[[0, 6, 10, 8, 4, 5, 9, 7, 0], [0, 3, 1, 2, 0]]","[[0, 2, 1, 3, 5, 4, 8, 0], [0, 6, 10, 9, 7, 0]]","[[0, 2, 3, 1, 10, 6, 0], [0, 8, 4, 5, 9, 7, 0]]","[[0, 8, 4, 5, 9, 7, 0], [0, 6, 10, 1, 3, 2, 0]]",1.0018344160052948,1.0017459579976276,1.0015827500028536,0.19900458300253376,0.0
cvrp_n10_seed1,1,weekend_evening,3,19,5,clear,5001,10103,0.4405754791229642,119.93399455494341,119.2637488410289,115.55856765937725,115.26044271770529,0.5588454853035536,3.648195752841136,3.106711987219543,4.054775191766822,3.473269778364871,0.2586533025923928,win,win,"[[0, 6, 10, 8, 4, 5, 9, 7, 0], [0, 3, 1, 2, 0]]","[[0, 2, 1, 3, 5, 4, 8, 0], [0, 6, 10, 9, 7, 0]]","[[0, 2, 1, 3, 4, 8, 0], [0, 6, 10, 5, 9, 7, 0]]","[[0, 7, 9, 5, 4, 8, 0], [0, 6, 10, 1, 3, 2, 0]]",1.0018344160052948,1.0017459579976276,1.0015050829970278,0.11526749999029562,0.0
cvrp_n10_seed2,2,weekday_midday,0,12,2,clear,5002,10200,0.420785211838037,163.83925121010333,118.21859614676964,116.95145797626013,116.95145797626013,27.84476535774136,28.61816865466229,1.0718602756340856,40.09167054878521,1.083473598735919,0.0,win,win,"[[0, 1, 3, 10, 8, 9, 0], [0, 2, 6, 5, 4, 7, 0]]","[[0, 1, 10, 8, 9, 4, 0], [0, 2, 7, 3, 6, 5, 0]]","[[0, 4, 9, 10, 8, 6, 0], [0, 1, 2, 7, 3, 5, 0]]","[[0, 1, 2, 7, 3, 5, 0], [0, 6, 8, 10, 9, 4, 0]]",1.00133558397647,1.0011436670320109,1.001085125026293,0.21523962495848536,0.0
cvrp_n10_seed2,2,weekday_rush,1,18,2,clear,5002,10201,0.6748750364070262,211.96537306543252,150.39741079051964,148.60322588128835,148.60322588128835,29.04623589434449,29.892687785652903,1.1929626313383235,42.638473565009285,1.2073660572244742,0.0,win,win,"[[0, 1, 3, 10, 8, 9, 0], [0, 2, 6, 5, 4, 7, 0]]","[[0, 1, 10, 8, 9, 4, 0], [0, 2, 7, 3, 6, 5, 0]]","[[0, 6, 8, 10, 9, 4, 0], [0, 1, 2, 7, 3, 5, 0]]","[[0, 5, 3, 7, 2, 1, 0], [0, 6, 8, 10, 9, 4, 0]]",1.00133558397647,1.0011436670320109,1.001283291960135,0.11030908301472664,0.0
cvrp_n10_seed2,2,weekend_midday,2,12,5,clear,5002,10202,0.40688393639529596,158.2194007033225,110.87169591154,110.87169591153999,110.87169591153999,29.92534706951916,29.925347069519166,1.2817387339813278e-14,42.70495224458306,0.0,0.0,win,tie,"[[0, 1, 3, 10, 8, 9, 0], [0, 2, 6, 5, 4, 7, 0]]","[[0, 1, 10, 8, 9, 4, 0], [0, 2, 7, 3, 6, 5, 0]]","[[0, 4, 9, 8, 10, 1, 0], [0, 2, 7, 3, 6, 5, 0]]","[[0, 4, 9, 8, 10, 1, 0], [0, 5, 6, 3, 7, 2, 0]]",1.00133558397647,1.0011436670320109,1.0012537079746835,0.11409700004151091,0.0
cvrp_n10_seed2,2,weekend_evening,3,19,5,clear,5002,10203,0.41750776818852076,191.09016441124487,143.9387482056801,143.9387482056801,143.15835683964875,24.674957160060984,24.674957160060984,0.0,33.481669271521746,0.5451245622394694,0.5451245622394694,win,tie,"[[0, 1, 3, 10, 8, 9, 0], [0, 2, 6, 5, 4, 7, 0]]","[[0, 1, 10, 8, 9, 4, 0], [0, 2, 7, 3, 6, 5, 0]]","[[0, 4, 9, 8, 10, 1, 0], [0, 2, 7, 3, 6, 5, 0]]","[[0, 5, 6, 7, 2, 3, 0], [0, 4, 9, 8, 10, 1, 0]]",1.00133558397647,1.0011436670320109,1.0012129159877077,0.19495462503982708,0.0
cvrp_n10_seed3,3,weekday_midday,0,12,2,clear,5003,10300,0.4413574021027192,136.24446329088087,120.82673946873925,120.74189569051448,120.2833616430681,11.316220453835914,11.378493647311398,0.0702193724649144,13.269583947259594,0.45174812064496217,0.38121153348460884,win,win,"[[0, 9, 1, 3, 4, 10, 0], [0, 6, 5, 2, 8, 7, 0]]","[[0, 2, 5, 8, 7, 0], [0, 4, 10, 3, 1, 9, 6, 0]]","[[0, 2, 10, 4, 3, 1, 9, 0], [0, 6, 5, 8, 7, 0]]","[[0, 4, 9, 1, 3, 10, 2, 0], [0, 7, 8, 5, 6, 0]]",1.0011211659875698,1.0009426670148969,1.0010851669940166,0.10038333298871294,0.0
cvrp_n10_seed3,3,weekday_rush,1,18,2,clear,5003,10301,0.6009717233891118,166.4979470218758,147.85012052059054,148.12649287577764,147.85012052059054,11.200033895213837,11.034042445991465,-0.18692737903356482,12.61265559718516,0.0,0.18692737903356482,win,loss,"[[0, 9, 1, 3, 4, 10, 0], [0, 6, 5, 2, 8, 7, 0]]","[[0, 2, 5, 8, 7, 0], [0, 4, 10, 3, 1, 9, 6, 0]]","[[0, 6, 5, 8, 7, 0], [0, 4, 3, 1, 9, 10, 2, 0]]","[[0, 6, 9, 1, 3, 10, 4, 0], [0, 2, 5, 8, 7, 0]]",1.0011211659875698,1.0009426670148969,1.001047333003953,0.12946354097221047,0.0
cvrp_n10_seed3,3,weekend_midday,2,12,5,clear,5003,10302,0.47618705697453595,123.4097101840793,104.29873385839164,105.36051709996399,104.29873385839164,15.485796293647812,14.625423767054421,-1.0180212187560644,18.323306159818767,0.0,1.0180212187560644,win,loss,"[[0, 9, 1, 3, 4, 10, 0], [0, 6, 5, 2, 8, 7, 0]]","[[0, 2, 5, 8, 7, 0], [0, 4, 10, 3, 1, 9, 6, 0]]","[[0, 4, 10, 9, 1, 3, 2, 0], [0, 7, 8, 5, 6, 0]]","[[0, 4, 10, 3, 1, 9, 6, 0], [0, 7, 8, 5, 2, 0]]",1.0011211659875698,1.0009426670148969,1.000981665973086,0.041499582992400974,0.0
cvrp_n10_seed3,3,weekend_evening,3,19,5,clear,5003,10303,0.5420258762573605,140.86758062455758,134.5502487667173,123.5785175557514,123.5785175557514,4.48458888115452,12.273273234446503,8.154374526641442,13.990346712976514,8.878348298696883,0.0,win,win,"[[0, 9, 1, 3, 4, 10, 0], [0, 6, 5, 2, 8, 7, 0]]","[[0, 2, 5, 8, 7, 0], [0, 4, 10, 3, 1, 9, 6, 0]]","[[0, 7, 8, 2, 5, 6, 0], [0, 4, 10, 3, 1, 9, 0]]","[[0, 6, 5, 2, 8, 7, 0], [0, 9, 1, 3, 10, 4, 0]]",1.0011211659875698,1.0009426670148969,1.0010820829775184,0.014533667010255158,0.0
cvrp_n10_seed4,4,weekday_midday,0,12,2,clear,5004,10400,0.4488716949913518,160.64783096478448,128.5737938809177,123.4795186252684,123.47951862526838,19.965434261541766,23.136516762348148,3.9621411968036835,30.10079141328148,4.12560342991719,0.0,win,win,"[[0, 7, 5, 2, 4, 0], [0, 10, 3, 6, 8, 9, 1, 0]]","[[0, 4, 9, 3, 8, 6, 10, 0], [0, 1, 7, 2, 5, 0]]","[[0, 5, 2, 7, 4, 0], [0, 3, 6, 8, 1, 9, 10, 0]]","[[0, 3, 6, 8, 1, 9, 10, 0], [0, 4, 7, 2, 5, 0]]",1.0009255410404876,1.000877458951436,1.0008082499844022,0.10608595801750198,0.0
cvrp_n10_seed4,4,weekday_rush,1,18,2,clear,5004,10401,0.6143460740036734,187.69747132929487,156.48926254298615,154.17420348514958,154.17420348514958,16.626866928621162,17.860266100938755,1.479372463143056,21.743759387979804,1.5015865206396672,0.0,win,win,"[[0, 7, 5, 2, 4, 0], [0, 10, 3, 6, 8, 9, 1, 0]]","[[0, 4, 9, 3, 8, 6, 10, 0], [0, 1, 7, 2, 5, 0]]","[[0, 1, 8, 6, 3, 9, 10, 0], [0, 5, 2, 7, 4, 0]]","[[0, 1, 8, 6, 3, 9, 10, 0], [0, 4, 7, 2, 5, 0]]",1.0009255410404876,1.000877458951436,1.0008345840033144,0.15731770801357925,0.0
cvrp_n10_seed4,4,weekend_midday,2,12,5,clear,5004,10402,0.42096991859311444,137.93987030582488,112.75765847731958,109.39165567349659,109.39165567349659,18.255934105689757,20.69612982021397,2.985165574806648,26.097250705791225,3.0770197078555683,0.0,win,win,"[[0, 7, 5, 2, 4, 0], [0, 10, 3, 6, 8, 9, 1, 0]]","[[0, 4, 9, 3, 8, 6, 10, 0], [0, 1, 7, 2, 5, 0]]","[[0, 4, 7, 2, 5, 0], [0, 1, 8, 6, 3, 9, 10, 0]]","[[0, 10, 9, 3, 6, 8, 1, 0], [0, 4, 7, 2, 5, 0]]",1.0009255410404876,1.000877458951436,1.000845999980811,0.12236333399778232,0.0
cvrp_n10_seed4,4,weekend_evening,3,19,5,clear,5004,10403,0.43718248729256226,161.30401879335872,133.33372510112113,130.45166213256778,130.45166213256778,17.340109627441716,19.12683694528088,2.161540875249365,23.65041284750985,2.209295704967363,0.0,win,win,"[[0, 7, 5, 2, 4, 0], [0, 10, 3, 6, 8, 9, 1, 0]]","[[0, 4, 9, 3, 8, 6, 10, 0], [0, 1, 7, 2, 5, 0]]","[[0, 10, 9, 3, 6, 8, 1, 0], [0, 4, 7, 2, 5, 0]]","[[0, 4, 7, 2, 5, 0], [0, 10, 9, 3, 6, 8, 1, 0]]",1.0009255410404876,1.000877458951436,1.000841874978505,0.12399316701339558,0.0
cvrp_n10_seed5,5,weekday_midday,0,12,2,clear,5005,10500,0.5264231187678595,157.37398230230653,130.67936229534712,131.07693799223185,130.67936229534712,16.962537019416942,16.709905872216886,-0.30423755511308087,20.427571376287535,0.0,0.30423755511308087,win,loss,"[[0, 8, 7, 2, 1, 10, 4, 0], [0, 6, 9, 5, 3, 0]]","[[0, 5, 3, 10, 1, 9, 8, 0], [0, 6, 4, 2, 7, 0]]","[[0, 4, 1, 10, 3, 5, 0], [0, 6, 9, 7, 2, 8, 0]]","[[0, 6, 4, 2, 7, 0], [0, 8, 9, 1, 10, 3, 5, 0]]",1.0009350000182167,1.0006725420244038,1.0007535420008935,0.16599079099250957,0.0
cvrp_n10_seed5,5,weekday_rush,1,18,2,clear,5005,10501,0.6799659793571967,209.16812238709673,157.61958776861673,157.61958776861673,157.61958776861673,24.644546229220232,24.644546229220232,0.0,32.70439629251696,0.0,0.0,win,tie,"[[0, 8, 7, 2, 1, 10, 4, 0], [0, 6, 9, 5, 3, 0]]","[[0, 5, 3, 10, 1, 9, 8, 0], [0, 6, 4, 2, 7, 0]]","[[0, 7, 2, 4, 6, 0], [0, 5, 3, 10, 1, 9, 8, 0]]","[[0, 8, 9, 1, 10, 3, 5, 0], [0, 6, 4, 2, 7, 0]]",1.0009350000182167,1.0006725420244038,1.000878625025507,0.1482982499874197,0.0
cvrp_n10_seed5,5,weekend_midday,2,12,5,clear,5005,10502,0.4565247378664155,149.69440751723863,125.71936846998729,119.55675920498703,119.55675920498702,16.01598846936911,20.13278171983879,4.901877363845844,25.207816364927442,5.154546933171815,0.0,win,win,"[[0, 8, 7, 2, 1, 10, 4, 0], [0, 6, 9, 5, 3, 0]]","[[0, 5, 3, 10, 1, 9, 8, 0], [0, 6, 4, 2, 7, 0]]","[[0, 5, 3, 10, 1, 4, 0], [0, 8, 2, 7, 9, 6, 0]]","[[0, 6, 9, 7, 2, 8, 0], [0, 4, 1, 10, 3, 5, 0]]",1.0009350000182167,1.0006725420244038,1.0007208750466816,0.15344395901774988,0.0
cvrp_n10_seed5,5,weekend_evening,3,19,5,clear,5005,10503,0.5938106674654325,199.75569596928557,157.29005638535142,150.58953027177182,148.79335120799004,21.258787829741618,24.613148305454846,4.259980743578414,34.250418010988994,5.710406485491613,1.2071635252512047,win,win,"[[0, 8, 7, 2, 1, 10, 4, 0], [0, 6, 9, 5, 3, 0]]","[[0, 5, 3, 10, 1, 9, 8, 0], [0, 6, 4, 2, 7, 0]]","[[0, 6, 4, 8, 2, 7, 0], [0, 5, 3, 10, 1, 9, 0]]","[[0, 5, 3, 10, 1, 4, 0], [0, 9, 7, 2, 8, 6, 0]]",1.0009350000182167,1.0006725420244038,1.0007193749770522,0.2591469169710763,0.0
cvrp_n10_seed6,6,weekday_midday,0,12,2,clear,5006,10600,0.3759847250746002,148.05145542978067,128.2409512044295,126.10583027531284,126.10583027531284,13.380823692575646,14.8229715748228,1.6649291112267723,17.40254602547431,1.6931183312106146,0.0,win,win,"[[0, 6, 1, 2, 5, 9, 0], [0, 3, 10, 8, 7, 4, 0]]","[[0, 6, 1, 5, 2, 9, 0], [0, 10, 8, 7, 4, 3, 0]]","[[0, 6, 1, 2, 9, 5, 0], [0, 10, 8, 7, 4, 3, 0]]","[[0, 6, 1, 2, 9, 5, 0], [0, 10, 8, 7, 4, 3, 0]]",1.000926333013922,1.0006241249502636,1.0006043749745004,0.18562841700622812,0.0
cvrp_n10_seed6,6,weekday_rush,1,18,2,clear,5006,10601,0.6370877966077354,196.9190048984253,174.51496654376828,174.51496654376828,174.51496654376825,11.37728598934037,11.37728598934037,0.0,12.837889378982362,0.0,0.0,win,tie,"[[0, 6, 1, 2, 5, 9, 0], [0, 3, 10, 8, 7, 4, 0]]","[[0, 6, 1, 5, 2, 9, 0], [0, 10, 8, 7, 4, 3, 0]]","[[0, 6, 1, 5, 2, 9, 0], [0, 10, 8, 7, 4, 3, 0]]","[[0, 10, 8, 7, 4, 3, 0], [0, 9, 2, 5, 1, 6, 0]]",1.000926333013922,1.0006241249502636,1.000704542035237,0.1556224170490168,0.0
cvrp_n10_seed6,6,weekend_midday,2,12,5,clear,5006,10602,0.4077502407513748,127.44773330128677,115.69621355654363,115.69621355654363,115.69621355654363,9.220658100652544,9.220658100652544,0.0,10.15722069331153,0.0,0.0,win,tie,"[[0, 6, 1, 2, 5, 9, 0], [0, 3, 10, 8, 7, 4, 0]]","[[0, 6, 1, 5, 2, 9, 0], [0, 10, 8, 7, 4, 3, 0]]","[[0, 6, 1, 5, 2, 9, 0], [0, 10, 8, 7, 4, 3, 0]]","[[0, 3, 4, 7, 8, 10, 0], [0, 6, 1, 5, 2, 9, 0]]",1.000926333013922,1.0006241249502636,1.0007657089736313,0.15618804196128622,0.0
cvrp_n10_seed6,6,weekend_evening,3,19,5,clear,5006,10603,0.6305182005558407,158.97981916012117,146.3677246973715,140.47773417888712,140.47773417888712,7.933141784522365,11.638008571766669,4.0241047202602,13.170831014168503,4.192828531092302,0.0,win,win,"[[0, 6, 1, 2, 5, 9, 0], [0, 3, 10, 8, 7, 4, 0]]","[[0, 6, 1, 5, 2, 9, 0], [0, 10, 8, 7, 4, 3, 0]]","[[0, 6, 1, 5, 9, 2, 0], [0, 10, 8, 7, 4, 3, 0]]","[[0, 10, 8, 7, 4, 3, 0], [0, 6, 1, 5, 9, 2, 0]]",1.000926333013922,1.0006241249502636,1.0007260830025189,0.15081483399262652,0.0
cvrp_n10_seed7,7,weekday_midday,0,12,2,clear,5007,10700,0.40173465941629133,122.1635393539688,107.87278626992482,106.52088702998287,106.52088702998287,11.698050956625064,12.804681664192252,1.253234746861133,14.685056386718715,1.269140050966172,0.0,win,win,"[[0, 8, 6, 2, 5, 4, 9, 1, 0], [0, 7, 10, 3, 0]]","[[0, 8, 6, 2, 5, 3, 0], [0, 4, 9, 1, 10, 7, 0]]","[[0, 3, 5, 2, 6, 8, 0], [0, 7, 4, 9, 1, 10, 0]]","[[0, 7, 4, 9, 1, 10, 0], [0, 3, 5, 2, 6, 8, 0]]",1.0006889589712955,1.000584291992709,1.0005225000204518,0.13856691599357873,0.0
cvrp_n10_seed7,7,weekday_rush,1,18,2,clear,5007,10701,0.6068907407044167,157.19606332724857,134.1770589284718,132.04443355602768,132.04443355602768,14.643499278258714,16.00016516880615,1.5894113267015353,19.04785313085448,1.6150816168553077,0.0,win,win,"[[0, 8, 6, 2, 5, 4, 9, 1, 0], [0, 7, 10, 3, 0]]","[[0, 8, 6, 2, 5, 3, 0], [0, 4, 9, 1, 10, 7, 0]]","[[0, 4, 9, 1, 10, 0], [0, 6, 8, 5, 2, 7, 3, 0]]","[[0, 10, 1, 9, 4, 0], [0, 6, 8, 5, 2, 7, 3, 0]]",1.0006889589712955,1.000584291992709,1.000672374968417,0.1384828329901211,0.0
cvrp_n10_seed7,7,weekend_midday,2,12,5,clear,5007,10702,0.414720303205937,112.21766150455966,96.1827662039139,97.28793998328547,96.1827662039139,14.289101274841862,13.304252932295832,-1.149035136948054,16.671276917374893,0.0,1.149035136948054,win,loss,"[[0, 8, 6, 2, 5, 4, 9, 1, 0], [0, 7, 10, 3, 0]]","[[0, 8, 6, 2, 5, 3, 0], [0, 4, 9, 1, 10, 7, 0]]","[[0, 7, 4, 9, 1, 10, 0], [0, 8, 6, 2, 5, 3, 0]]","[[0, 8, 6, 2, 5, 3, 0], [0, 4, 9, 1, 10, 7, 0]]",1.0006889589712955,1.000584291992709,1.0007497920305468,0.1361867919913493,0.0
cvrp_n10_seed7,7,weekend_evening,3,19,5,clear,5007,10703,0.48654516476189863,143.8265610960057,116.02109695378212,114.86629370588186,114.86629370588187,19.332635036488945,20.13554879532478,0.9953390186961308,25.21215445871122,1.0053456158837604,0.0,win,win,"[[0, 8, 6, 2, 5, 4, 9, 1, 0], [0, 7, 10, 3, 0]]","[[0, 8, 6, 2, 5, 3, 0], [0, 4, 9, 1, 10, 7, 0]]","[[0, 10, 1, 9, 4, 7, 0], [0, 8, 6, 2, 5, 3, 0]]","[[0, 7, 4, 9, 1, 10, 0], [0, 3, 5, 2, 6, 8, 0]]",1.0006889589712955,1.000584291992709,1.0006640840438195,0.15856137505033985,0.0
cvrp_n10_seed8,8,weekday_midday,0,12,2,clear,5008,10800,0.37663100658895826,170.76599126636913,133.5940724547317,134.97303607444726,133.1810555166502,21.767752780268086,20.96023624287711,-1.0322041946754967,28.220932477157085,0.310116882975054,1.3455221171250162,win,loss,"[[0, 9, 8, 10, 5, 6, 0], [0, 4, 1, 2, 7, 3, 0]]","[[0, 5, 9, 10, 8, 3, 0], [0, 4, 6, 1, 2, 7, 0]]","[[0, 4, 1, 5, 6, 8, 3, 0], [0, 7, 2, 9, 10, 0]]","[[0, 7, 2, 6, 1, 4, 0], [0, 5, 9, 10, 8, 3, 0]]",1.0008180000004359,1.0006241669761948,1.0005769999697804,0.07647087500663474,0.0
cvrp_n10_seed8,8,weekday_rush,1,18,2,clear,5008,10801,0.7209094258702382,229.28213868883182,154.57660152216357,150.6548329334551,150.65483293345514,32.58236232175686,34.29281766343127,2.5371036431708247,52.19036404235813,2.6031482112762308,0.0,win,win,"[[0, 9, 8, 10, 5, 6, 0], [0, 4, 1, 2, 7, 3, 0]]","[[0, 5, 9, 10, 8, 3, 0], [0, 4, 6, 1, 2, 7, 0]]","[[0, 4, 1, 6, 2, 7, 0], [0, 5, 9, 10, 8, 3, 0]]","[[0, 7, 2, 6, 1, 4, 0], [0, 5, 9, 10, 8, 3, 0]]",1.0008180000004359,1.0006241669761948,1.0008350419811904,0.06976070802193135,0.0
cvrp_n10_seed8,8,weekend_midday,2,12,5,clear,5008,10802,0.39673540105829613,170.97111854189455,114.70702268525392,114.70702268525392,114.70702268525392,32.90853820018364,32.90853820018364,0.0,49.05026260774322,0.0,0.0,win,tie,"[[0, 9, 8, 10, 5, 6, 0], [0, 4, 1, 2, 7, 3, 0]]","[[0, 5, 9, 10, 8, 3, 0], [0, 4, 6, 1, 2, 7, 0]]","[[0, 5, 9, 10, 8, 3, 0], [0, 4, 6, 1, 2, 7, 0]]","[[0, 4, 6, 1, 2, 7, 0], [0, 5, 9, 10, 8, 3, 0]]",1.0008180000004359,1.0006241669761948,1.0006051249802113,0.08398512494750321,0.0
cvrp_n10_seed8,8,weekend_evening,3,19,5,clear,5008,10803,0.6063150329235821,207.6204868655763,145.69861983021735,142.62765552391193,142.62765552391193,29.824545722913275,31.303669653632944,2.1077511303017302,45.56818318504026,2.1531338330037766,0.0,win,win,"[[0, 9, 8, 10, 5, 6, 0], [0, 4, 1, 2, 7, 3, 0]]","[[0, 5, 9, 10, 8, 3, 0], [0, 4, 6, 1, 2, 7, 0]]","[[0, 10, 9, 2, 7, 0], [0, 4, 6, 1, 5, 8, 3, 0]]","[[0, 10, 9, 2, 7, 0], [0, 4, 6, 1, 5, 8, 3, 0]]",1.0008180000004359,1.0006241669761948,1.000637832970824,0.08276374998968095,0.0
cvrp_n10_seed9,9,weekday_midday,0,12,2,clear,5009,10900,0.41239533395658684,147.43583954293717,143.6974489834455,140.40301967747834,139.55092993455776,2.535605027299322,4.770088390489812,2.292615025021556,5.650202124827857,2.9713302883988266,0.610594098742423,win,win,"[[0, 4, 7, 1, 5, 10, 2, 3, 0], [0, 9, 6, 8, 0]]","[[0, 3, 2, 4, 0], [0, 10, 7, 1, 5, 8, 6, 9, 0]]","[[0, 3, 2, 4, 0], [0, 10, 5, 1, 7, 8, 6, 9, 0]]","[[0, 9, 2, 3, 0], [0, 4, 7, 1, 10, 5, 8, 6, 0]]",1.0007368749938905,1.00051987497136,1.0005675420397893,0.12772779201623052,0.0
cvrp_n10_seed9,9,weekday_rush,1,18,2,clear,5009,10901,0.8903639000209942,204.6515536254896,174.19484150190524,165.07248070406763,165.07248070406763,14.88222863888923,19.339737334147635,5.236871952799957,23.976784472256796,5.526275947952618,0.0,win,win,"[[0, 4, 7, 1, 5, 10, 2, 3, 0], [0, 9, 6, 8, 0]]","[[0, 3, 2, 4, 0], [0, 10, 7, 1, 5, 8, 6, 9, 0]]","[[0, 9, 6, 8, 5, 10, 7, 1, 4, 0], [0, 3, 2, 0]]","[[0, 9, 6, 8, 5, 10, 7, 1, 4, 0], [0, 2, 3, 0]]",1.0007368749938905,1.00051987497136,1.0006936669815332,0.2154861250310205,0.0
cvrp_n10_seed9,9,weekend_midday,2,12,5,clear,5009,10902,0.39259281609187197,141.51588274348717,119.44212107020275,119.44212107020275,119.44212107020275,15.598080756274898,15.598080756274898,0.0,18.480718087977063,0.0,0.0,win,tie,"[[0, 4, 7, 1, 5, 10, 2, 3, 0], [0, 9, 6, 8, 0]]","[[0, 3, 2, 4, 0], [0, 10, 7, 1, 5, 8, 6, 9, 0]]","[[0, 3, 2, 4, 0], [0, 10, 7, 1, 5, 8, 6, 9, 0]]","[[0, 4, 2, 3, 0], [0, 10, 7, 1, 5, 8, 6, 9, 0]]",1.0007368749938905,1.00051987497136,1.0006567920208909,0.145836416981183,0.0
cvrp_n10_seed9,9,weekend_evening,3,19,5,clear,5009,10903,0.6220240254306623,157.63274153244538,157.3211272906206,151.57467583031448,149.79853719134184,0.1976837037758626,3.8431519005738908,3.652688967636665,5.229826998308199,5.021804778821011,1.1856849020520996,win,win,"[[0, 4, 7, 1, 5, 10, 2, 3, 0], [0, 9, 6, 8, 0]]","[[0, 3, 2, 4, 0], [0, 10, 7, 1, 5, 8, 6, 9, 0]]","[[0, 4, 2, 3, 0], [0, 9, 6, 8, 7, 1, 5, 10, 0]]","[[0, 4, 7, 1, 5, 10, 8, 6, 9, 0], [0, 3, 2, 0]]",1.0007368749938905,1.00051987497136,1.0006175420130603,0.18254379200516269,0.0
cvrp_n10_seed10,10,weekday_midday,0,12,2,clear,5010,11000,0.39285517918435214,159.8070352373332,112.28500911094166,112.28500911094166,112.28500911094164,29.73713019318296,29.73713019318296,0.0,42.322680919443194,0.0,0.0,win,tie,"[[0, 10, 3, 1, 6, 0], [0, 9, 7, 4, 2, 8, 5, 0]]","[[0, 9, 5, 8, 2, 10, 0], [0, 7, 4, 6, 1, 3, 0]]","[[0, 3, 1, 6, 4, 7, 0], [0, 9, 5, 8, 2, 10, 0]]","[[0, 3, 1, 6, 4, 7, 0], [0, 10, 2, 8, 5, 9, 0]]",1.0006790420156904,1.000484874995891,1.0006297079962678,0.1323424580041319,0.0
cvrp_n10_seed10,10,weekday_rush,1,18,2,clear,5010,11001,0.6590982088443545,175.14053246813813,138.27027051376328,138.27027051376328,138.27027051376325,21.05181561046262,21.05181561046262,0.0,26.66535750409548,0.0,0.0,win,tie,"[[0, 10, 3, 1, 6, 0], [0, 9, 7, 4, 2, 8, 5, 0]]","[[0, 9, 5, 8, 2, 10, 0], [0, 7, 4, 6, 1, 3, 0]]","[[0, 3, 1, 6, 4, 7, 0], [0, 9, 5, 8, 2, 10, 0]]","[[0, 10, 2, 8, 5, 9, 0], [0, 7, 4, 6, 1, 3, 0]]",1.0006790420156904,1.000484874995891,1.0006777500384487,0.13240075000794604,0.0
cvrp_n10_seed10,10,weekend_midday,2,12,5,clear,5010,11002,0.5008857882479762,131.44105981145728,95.95375145853552,95.95375145853552,95.95375145853552,26.998647457518786,26.998647457518786,0.0,36.98376333754588,0.0,0.0,win,tie,"[[0, 10, 3, 1, 6, 0], [0, 9, 7, 4, 2, 8, 5, 0]]","[[0, 9, 5, 8, 2, 10, 0], [0, 7, 4, 6, 1, 3, 0]]","[[0, 7, 4, 6, 1, 3, 0], [0, 10, 2, 8, 5, 9, 0]]","[[0, 10, 2, 8, 5, 9, 0], [0, 7, 4, 6, 1, 3, 0]]",1.0006790420156904,1.000484874995891,1.0006586670060642,0.0725529589690268,0.0
cvrp_n10_seed10,10,weekend_evening,3,19,5,clear,5010,11003,0.46781662747351865,163.29292112040946,119.21667082388056,119.21667082388056,119.21667082388056,26.99213780616234,26.99213780616234,0.0,36.97154935792745,0.0,0.0,win,tie,"[[0, 10, 3, 1, 6, 0], [0, 9, 7, 4, 2, 8, 5, 0]]","[[0, 9, 5, 8, 2, 10, 0], [0, 7, 4, 6, 1, 3, 0]]","[[0, 7, 4, 6, 1, 3, 0], [0, 9, 5, 8, 2, 10, 0]]","[[0, 10, 2, 8, 5, 9, 0], [0, 7, 4, 6, 1, 3, 0]]",1.0006790420156904,1.000484874995891,1.0006767919985577,0.08668791700620204,0.0
cvrp_n10_seed11,11,weekday_midday,0,12,2,clear,5011,11100,0.5265703974864706,143.8628413668035,100.73066169809954,101.52433962713549,100.73066169809954,29.981459603408585,29.429768894747877,-0.7879208928604955,42.819315332183244,0.0,0.7879208928604955,win,loss,"[[0, 2, 1, 3, 10, 6, 5, 8, 7, 0], [0, 4, 9, 0]]","[[0, 4, 7, 9, 0], [0, 5, 1, 3, 6, 10, 2, 8, 0]]","[[0, 7, 4, 9, 0], [0, 5, 1, 3, 6, 10, 2, 8, 0]]","[[0, 8, 2, 10, 6, 3, 1, 5, 0], [0, 9, 7, 4, 0]]",1.0005693749990314,1.0005635000416078,1.0004081670194864,0.1024049999541603,0.0
cvrp_n10_seed11,11,weekday_rush,1,18,2,clear,5011,11101,0.5620482170661851,180.34201589920903,116.59126570292398,116.09786488677219,116.09786488677216,35.34991548054702,35.62350719664913,0.42318848944395404,55.33620370632385,0.42498698544802943,0.0,win,win,"[[0, 2, 1, 3, 10, 6, 5, 8, 7, 0], [0, 4, 9, 0]]","[[0, 4, 7, 9, 0], [0, 5, 1, 3, 6, 10, 2, 8, 0]]","[[0, 4, 9, 0], [0, 5, 1, 3, 10, 6, 8, 2, 7, 0]]","[[0, 7, 2, 8, 6, 10, 3, 1, 5, 0], [0, 4, 9, 0]]",1.0005693749990314,1.0005635000416078,1.0005961669958197,0.13990750000812113,0.0
cvrp_n10_seed11,11,weekend_midday,2,12,5,clear,5011,11102,0.41993862851601876,131.9479451238216,87.79488886779382,88.24635182189785,87.79488886779382,33.462481143297836,33.120328824305396,-0.5142246432863165,50.29114658658067,0.0,0.5142246432863165,win,loss,"[[0, 2, 1, 3, 10, 6, 5, 8, 7, 0], [0, 4, 9, 0]]","[[0, 4, 7, 9, 0], [0, 5, 1, 3, 6, 10, 2, 8, 0]]","[[0, 9, 4, 7, 0], [0, 8, 2, 10, 6, 3, 1, 5, 0]]","[[0, 8, 2, 10, 6, 3, 1, 5, 0], [0, 9, 7, 4, 0]]",1.0005693749990314,1.0005635000416078,1.0005520000122488,0.13205875002313405,0.0
cvrp_n10_seed11,11,weekend_evening,3,19,5,clear,5011,11103,0.5695727579687453,177.17756841184413,105.34590223990995,98.33579438841008,98.33579438841008,40.54218985834796,44.4987335192278,6.654371648491242,80.17606865717902,7.128744822878132,0.0,win,win,"[[0, 2, 1, 3, 10, 6, 5, 8, 7, 0], [0, 4, 9, 0]]","[[0, 4, 7, 9, 0], [0, 5, 1, 3, 6, 10, 2, 8, 0]]","[[0, 5, 1, 3, 6, 10, 2, 8, 0], [0, 7, 4, 9, 0]]","[[0, 8, 2, 10, 6, 3, 1, 5, 0], [0, 9, 4, 7, 0]]",1.0005693749990314,1.0005635000416078,1.0006094590062276,0.23054820799734443,0.0
cvrp_n10_seed12,12,weekday_midday,0,12,2,clear,5012,11200,0.5072413818767836,187.46031482379652,152.96822928481367,152.96822928481367,152.96822928481367,18.3996733236065,18.3996733236065,0.0,22.5485289986338,0.0,0.0,win,tie,"[[0, 8, 9, 7, 6, 2, 10, 0], [0, 4, 3, 5, 1, 0]]","[[0, 3, 10, 2, 6, 1, 5, 7, 4, 0], [0, 9, 8, 0]]","[[0, 3, 10, 2, 6, 1, 5, 7, 4, 0], [0, 8, 9, 0]]","[[0, 8, 9, 0], [0, 3, 10, 2, 6, 1, 5, 7, 4, 0]]",1.0007805829518475,1.0005197919672355,1.0012613750295714,0.23487587500130758,0.0
cvrp_n10_seed12,12,weekday_rush,1,18,2,clear,5012,11201,0.67441109317534,224.7055476969262,198.29365523054892,195.260024773711,195.260024773711,11.754001063650007,13.104048041986992,1.5298676366174364,15.08015937073651,1.5536362142500157,0.0,win,win,"[[0, 8, 9, 7, 6, 2, 10, 0], [0, 4, 3, 5, 1, 0]]","[[0, 3, 10, 2, 6, 1, 5, 7, 4, 0], [0, 9, 8, 0]]","[[0, 10, 2, 6, 1, 5, 7, 0], [0, 3, 4, 9, 8, 0]]","[[0, 7, 5, 1, 6, 2, 10, 0], [0, 3, 4, 9, 8, 0]]",1.0007805829518475,1.0005197919672355,1.0005766249960288,0.4546687080292031,0.0
cvrp_n10_seed12,12,weekend_midday,2,12,5,clear,5012,11202,0.44149139649545777,168.5803987821194,138.05079463408399,138.05079463408399,138.05079463408399,18.109818441877813,18.109818441877813,0.0,22.114761620139074,0.0,0.0,win,tie,"[[0, 8, 9, 7, 6, 2, 10, 0], [0, 4, 3, 5, 1, 0]]","[[0, 3, 10, 2, 6, 1, 5, 7, 4, 0], [0, 9, 8, 0]]","[[0, 3, 10, 2, 6, 1, 5, 7, 4, 0], [0, 8, 9, 0]]","[[0, 9, 8, 0], [0, 3, 10, 2, 6, 1, 5, 7, 4, 0]]",1.0007805829518475,1.0005197919672355,1.0006639169878326,0.25952758302446455,0.0
cvrp_n10_seed12,12,weekend_evening,3,19,5,clear,5012,11203,0.5501011426186664,202.98490838634467,177.89537406279715,170.82638100016288,170.82638100016288,12.360295414570517,15.84281690783332,3.9736800913883825,18.82526996000174,4.138115565784609,0.0,win,win,"[[0, 8, 9, 7, 6, 2, 10, 0], [0, 4, 3, 5, 1, 0]]","[[0, 3, 10, 2, 6, 1, 5, 7, 4, 0], [0, 9, 8, 0]]","[[0, 5, 1, 6, 2, 10, 3, 0], [0, 4, 7, 9, 8, 0]]","[[0, 5, 1, 6, 2, 10, 3, 0], [0, 4, 7, 9, 8, 0]]",1.0007805829518475,1.0005197919672355,1.000601249979809,0.42175462504383177,0.0
cvrp_n10_seed13,13,weekday_midday,0,12,2,clear,5013,11300,0.41688933245033166,135.933630677606,87.88964043542937,89.38653003794428,87.88964043542938,35.34371148823549,34.24251997657412,-1.703146804445792,54.663996807989555,0.0,1.7031468044457758,win,loss,"[[0, 8, 6, 9, 2, 4, 1, 0], [0, 5, 3, 7, 10, 0]]","[[0, 7, 1, 8, 5, 3, 0], [0, 10, 6, 9, 2, 4, 0]]","[[0, 2, 9, 4, 5, 3, 0], [0, 7, 1, 8, 6, 10, 0]]","[[0, 3, 5, 8, 1, 7, 0], [0, 4, 2, 9, 6, 10, 0]]",1.0006685000262223,1.0004736660048366,1.0004904589732178,0.14555616700090468,0.0
cvrp_n10_seed13,13,weekday_rush,1,18,2,clear,5013,11301,0.5192271510006509,148.98743367089605,117.05162226777178,109.67138582832695,109.67138582832695,21.435238272288448,26.38883486604367,6.305112476409355,35.84895690486861,6.729409301891572,0.0,win,win,"[[0, 8, 6, 9, 2, 4, 1, 0], [0, 5, 3, 7, 10, 0]]","[[0, 7, 1, 8, 5, 3, 0], [0, 10, 6, 9, 2, 4, 0]]","[[0, 6, 9, 2, 4, 7, 1, 0], [0, 10, 8, 5, 3, 0]]","[[0, 3, 5, 8, 10, 0], [0, 6, 9, 2, 4, 7, 1, 0]]",1.0006685000262223,1.0004736660048366,1.0005482499836944,0.15110608300892636,0.0
cvrp_n10_seed13,13,weekend_midday,2,12,5,clear,5013,11302,0.46141988391206973,105.444415506073,86.03466864299068,84.06818882206076,84.06818882206076,18.407562666952646,20.272507160686086,2.285683029814435,25.42724778959767,2.339148551293501,0.0,win,win,"[[0, 8, 6, 9, 2, 4, 1, 0], [0, 5, 3, 7, 10, 0]]","[[0, 7, 1, 8, 5, 3, 0], [0, 10, 6, 9, 2, 4, 0]]","[[0, 10, 7, 5, 3, 0], [0, 1, 8, 6, 9, 2, 4, 0]]","[[0, 4, 2, 9, 6, 8, 1, 0], [0, 3, 5, 7, 10, 0]]",1.0006685000262223,1.0004736660048366,1.0006997080054134,0.10213787504471838,0.0
cvrp_n10_seed13,13,weekend_evening,3,19,5,clear,5013,11303,0.418666461801709,140.06525329397968,98.71690031850771,98.71690031850771,98.7169003185077,29.520778353705524,29.520778353705524,0.0,41.885789405930005,0.0,0.0,win,tie,"[[0, 8, 6, 9, 2, 4, 1, 0], [0, 5, 3, 7, 10, 0]]","[[0, 7, 1, 8, 5, 3, 0], [0, 10, 6, 9, 2, 4, 0]]","[[0, 7, 1, 8, 5, 3, 0], [0, 10, 6, 9, 2, 4, 0]]","[[0, 10, 6, 9, 2, 4, 0], [0, 3, 5, 8, 1, 7, 0]]",1.0006685000262223,1.0004736660048366,1.001267875020858,0.1036820420413278,0.0
cvrp_n10_seed14,14,weekday_midday,0,12,2,clear,5014,11400,0.44358076798671336,137.70712348088932,111.95417637857724,107.79471612114163,107.19425648757742,18.70124540498881,21.721757454253165,3.715323886953749,28.46502041538764,4.440461687937026,0.5601602672003232,win,win,"[[0, 8, 5, 1, 6, 2, 7, 10, 0], [0, 9, 4, 3, 0]]","[[0, 3, 7, 1, 5, 8, 9, 4, 0], [0, 10, 2, 6, 0]]","[[0, 10, 9, 4, 3, 0], [0, 8, 5, 2, 1, 7, 6, 0]]","[[0, 3, 4, 9, 10, 0], [0, 5, 8, 7, 1, 2, 6, 0]]",1.0005948329926468,1.0004483330412768,1.0005014589987695,0.20254383300198242,0.0
cvrp_n10_seed14,14,weekday_rush,1,18,2,clear,5014,11401,0.5704813543438715,184.48254334734645,126.06156797720921,121.80972157875499,121.80972157875496,31.66748154601347,33.97222340467746,3.372833185148796,51.451412051763825,3.4905640890946916,0.0,win,win,"[[0, 8, 5, 1, 6, 2, 7, 10, 0], [0, 9, 4, 3, 0]]","[[0, 3, 7, 1, 5, 8, 9, 4, 0], [0, 10, 2, 6, 0]]","[[0, 6, 2, 10, 0], [0, 4, 9, 1, 5, 8, 7, 3, 0]]","[[0, 6, 2, 10, 0], [0, 3, 7, 8, 5, 1, 9, 4, 0]]",1.0005948329926468,1.0004483330412768,1.0005128330085427,0.09109691705089062,0.0
cvrp_n10_seed14,14,weekend_midday,2,12,5,clear,5014,11402,0.3952387896527919,130.72755484858345,93.40819367246621,93.40819367246621,93.40819367246621,28.547433033030245,28.547433033030245,0.0,39.95298453899747,0.0,0.0,win,tie,"[[0, 8, 5, 1, 6, 2, 7, 10, 0], [0, 9, 4, 3, 0]]","[[0, 3, 7, 1, 5, 8, 9, 4, 0], [0, 10, 2, 6, 0]]","[[0, 6, 2, 10, 0], [0, 4, 9, 8, 5, 1, 7, 3, 0]]","[[0, 6, 2, 10, 0], [0, 3, 7, 1, 5, 8, 9, 4, 0]]",1.0005948329926468,1.0004483330412768,1.000595792022068,0.14012529200408608,0.0
cvrp_n10_seed14,14,weekend_evening,3,19,5,clear,5014,11403,0.5461222885598298,160.4444768609216,107.16859405232265,106.39829768061097,106.39829768061097,33.20518340732925,33.6852849270465,0.7187706235425654,50.796093883520385,0.7239743384090362,0.0,win,win,"[[0, 8, 5, 1, 6, 2, 7, 10, 0], [0, 9, 4, 3, 0]]","[[0, 3, 7, 1, 5, 8, 9, 4, 0], [0, 10, 2, 6, 0]]","[[0, 6, 2, 10, 0], [0, 7, 1, 5, 8, 9, 4, 3, 0]]","[[0, 7, 1, 5, 8, 9, 4, 3, 0], [0, 6, 2, 10, 0]]",1.0005948329926468,1.0004483330412768,1.00061079103034,0.10049183299997821,0.0
cvrp_n10_seed15,15,weekday_midday,0,12,2,clear,5015,11500,0.40378773961962333,135.75643084814317,97.12655799608974,92.23750381830615,92.23750381830615,28.455280247655235,32.05662284869376,5.033694469004474,47.18137983825178,5.300505732911295,0.0,win,win,"[[0, 6, 10, 8, 9, 2, 1, 0], [0, 3, 7, 5, 4, 0]]","[[0, 3, 5, 7, 4, 0], [0, 2, 8, 10, 9, 6, 1, 0]]","[[0, 4, 5, 3, 7, 8, 0], [0, 2, 9, 10, 6, 1, 0]]","[[0, 2, 9, 10, 6, 1, 0], [0, 4, 5, 3, 7, 8, 0]]",1.0006042920285836,1.0006221249932423,1.0005575419636443,0.102997875015717,0.0
cvrp_n10_seed15,15,weekday_rush,1,18,2,clear,5015,11501,0.702861351169889,157.0906933066329,124.29640363823985,118.8483587414479,118.8483587414479,20.87602325643842,24.344112155987457,4.383107424932656,32.17741916687329,4.584030401836733,0.0,win,win,"[[0, 6, 10, 8, 9, 2, 1, 0], [0, 3, 7, 5, 4, 0]]","[[0, 3, 5, 7, 4, 0], [0, 2, 8, 10, 9, 6, 1, 0]]","[[0, 4, 5, 3, 7, 8, 0], [0, 2, 9, 10, 6, 1, 0]]","[[0, 1, 6, 10, 9, 2, 0], [0, 8, 7, 3, 5, 4, 0]]",1.0006042920285836,1.0006221249932423,1.0013932079891674,0.10559270903468132,0.0
cvrp_n10_seed15,15,weekend_midday,2,12,5,clear,5015,11502,0.4874655327879941,123.33130787045626,90.34707237171452,88.49368753934812,88.49368753934812,26.744413943446908,28.24718308160698,2.0514055228497385,39.36735071144801,2.0943695351629534,0.0,win,win,"[[0, 6, 10, 8, 9, 2, 1, 0], [0, 3, 7, 5, 4, 0]]","[[0, 3, 5, 7, 4, 0], [0, 2, 8, 10, 9, 6, 1, 0]]","[[0, 1, 6, 5, 7, 3, 0], [0, 4, 9, 10, 8, 2, 0]]","[[0, 4, 9, 10, 8, 2, 0], [0, 3, 7, 5, 6, 1, 0]]",1.0006042920285836,1.0006221249932423,1.000573874975089,0.1289380420348607,0.0
cvrp_n10_seed15,15,weekend_evening,3,19,5,clear,5015,11503,0.4905936673107081,149.74864502069687,101.3535250100455,101.3535250100455,101.3535250100455,32.31756788447912,32.31756788447912,0.0,47.748827685918926,0.0,0.0,win,tie,"[[0, 6, 10, 8, 9, 2, 1, 0], [0, 3, 7, 5, 4, 0]]","[[0, 3, 5, 7, 4, 0], [0, 2, 8, 10, 9, 6, 1, 0]]","[[0, 1, 6, 9, 10, 8, 2, 0], [0, 4, 7, 5, 3, 0]]","[[0, 4, 7, 5, 3, 0], [0, 1, 6, 9, 10, 8, 2, 0]]",1.0006042920285836,1.0006221249932423,1.0006169579573907,0.14747566694859415,0.0
cvrp_n10_seed16,16,weekday_midday,0,12,2,clear,5016,11600,0.33599883168567174,186.00419357950318,117.54230142186826,114.98000891801081,114.98000891801082,36.80663905481919,38.184184611480134,2.17988968470269,61.77089854997124,2.228467824945585,0.0,win,win,"[[0, 6, 1, 10, 2, 5, 3, 8, 0], [0, 9, 4, 7, 0]]","[[0, 9, 8, 1, 10, 6, 7, 0], [0, 2, 5, 3, 4, 0]]","[[0, 4, 3, 5, 1, 6, 10, 2, 0], [0, 7, 8, 9, 0]]","[[0, 7, 8, 9, 0], [0, 2, 10, 6, 1, 5, 3, 4, 0]]",1.0006487089558505,1.0005050000036135,1.0005597499548458,0.1719440000015311,0.0
cvrp_n10_seed16,16,weekday_rush,1,18,2,clear,5016,11601,0.6248334562226082,206.0118342679048,141.10252487112655,141.10252487112655,141.10252487112655,31.507563450150133,31.507563450150133,0.0,46.001522266211744,0.0,0.0,win,tie,"[[0, 6, 1, 10, 2, 5, 3, 8, 0], [0, 9, 4, 7, 0]]","[[0, 9, 8, 1, 10, 6, 7, 0], [0, 2, 5, 3, 4, 0]]","[[0, 9, 8, 1, 10, 6, 7, 0], [0, 2, 5, 3, 4, 0]]","[[0, 9, 8, 1, 10, 6, 7, 0], [0, 4, 3, 5, 2, 0]]",1.0006487089558505,1.0005050000036135,1.0005933750071563,0.1558602920267731,0.0
cvrp_n10_seed16,16,weekend_midday,2,12,5,clear,5016,11602,0.3517276179123059,167.95843210311034,115.3498993131747,114.3986996320828,114.17292351707063,31.322352876954135,31.88868328929566,0.8246211628754027,47.108812605641944,1.0308712082055933,0.197749263185338,win,win,"[[0, 6, 1, 10, 2, 5, 3, 8, 0], [0, 9, 4, 7, 0]]","[[0, 9, 8, 1, 10, 6, 7, 0], [0, 2, 5, 3, 4, 0]]","[[0, 3, 5, 2, 10, 1, 6, 7, 0], [0, 9, 8, 4, 0]]","[[0, 9, 8, 1, 10, 6, 7, 0], [0, 4, 2, 5, 3, 0]]",1.0006487089558505,1.0005050000036135,1.00058995798463,0.21823829202912748,0.0
cvrp_n10_seed16,16,weekend_evening,3,19,5,clear,5016,11603,0.5204729240951739,189.62642064699514,134.75572231906534,134.75572231906534,134.75572231906534,28.936209490594155,28.936209490594155,0.0,40.718640651126286,0.0,0.0,win,tie,"[[0, 6, 1, 10, 2, 5, 3, 8, 0], [0, 9, 4, 7, 0]]","[[0, 9, 8, 1, 10, 6, 7, 0], [0, 2, 5, 3, 4, 0]]","[[0, 9, 8, 1, 10, 6, 7, 0], [0, 4, 3, 5, 2, 0]]","[[0, 2, 5, 3, 4, 0], [0, 7, 6, 10, 1, 8, 9, 0]]",1.0006487089558505,1.0005050000036135,1.0006901250453666,0.18898566701682284,0.0
cvrp_n10_seed17,17,weekday_midday,0,12,2,clear,5017,11700,0.4382855161847257,149.61979554802252,119.08112500271973,119.3970496997423,119.08112500271973,20.410849001261326,20.19969733121298,-0.26530207622354185,25.645265397522326,0.0,0.26530207622354185,win,loss,"[[0, 6, 10, 0], [0, 5, 3, 7, 4, 8, 9, 1, 2, 0]]","[[0, 5, 3, 6, 10, 2, 0], [0, 7, 9, 1, 8, 4, 0]]","[[0, 3, 6, 10, 2, 0], [0, 5, 7, 9, 1, 8, 4, 0]]","[[0, 5, 3, 6, 10, 2, 0], [0, 4, 8, 1, 9, 7, 0]]",1.0014488750020973,1.0005510000046343,1.0004787080106325,0.6976007500197738,0.0
cvrp_n10_seed17,17,weekday_rush,1,18,2,clear,5017,11701,0.6973331237813987,185.44906770818642,156.04619735334632,149.4704993414339,148.9753851611096,15.854957222598188,19.400781471366912,4.2139431293045835,24.48302617753416,4.746295627690415,0.33234629988628756,win,win,"[[0, 6, 10, 0], [0, 5, 3, 7, 4, 8, 9, 1, 2, 0]]","[[0, 5, 3, 6, 10, 2, 0], [0, 7, 9, 1, 8, 4, 0]]","[[0, 1, 9, 8, 4, 0], [0, 5, 3, 7, 6, 2, 10, 0]]","[[0, 5, 3, 6, 7, 9, 8, 4, 0], [0, 1, 2, 10, 0]]",1.0014488750020973,1.0005510000046343,1.0008913329802454,0.2689355000038631,0.0
cvrp_n10_seed17,17,weekend_midday,2,12,5,clear,5017,11702,0.41052623370973834,137.2742844026555,112.40487627531252,112.40487627531252,111.72480160897027,18.116581875157014,18.116581875157014,0.0,22.868228384156637,0.6087051903859882,0.6087051903859882,win,tie,"[[0, 6, 10, 0], [0, 5, 3, 7, 4, 8, 9, 1, 2, 0]]","[[0, 5, 3, 6, 10, 2, 0], [0, 7, 9, 1, 8, 4, 0]]","[[0, 5, 3, 6, 10, 2, 0], [0, 7, 9, 1, 8, 4, 0]]","[[0, 10, 2, 6, 3, 5, 0], [0, 7, 9, 1, 8, 4, 0]]",1.0014488750020973,1.0005510000046343,1.0006120840553194,0.7006950000068173,0.0
cvrp_n10_seed17,17,weekend_evening,3,19,5,clear,5017,11703,0.5762511751833188,180.3423674412469,143.67179764044258,135.36003044301162,134.63709437681058,20.333862930323953,24.942745088943067,5.785246188839535,33.94701384190628,6.710411648031006,0.5369516250683137,win,win,"[[0, 6, 10, 0], [0, 5, 3, 7, 4, 8, 9, 1, 2, 0]]","[[0, 5, 3, 6, 10, 2, 0], [0, 7, 9, 1, 8, 4, 0]]","[[0, 5, 2, 10, 6, 7, 0], [0, 3, 1, 9, 8, 4, 0]]","[[0, 3, 10, 6, 2, 5, 0], [0, 7, 9, 1, 8, 4, 0]]",1.0014488750020973,1.0005510000046343,1.000593583972659,0.28593270800774917,0.0
cvrp_n10_seed18,18,weekday_midday,0,12,2,clear,5018,11800,0.44649009364231534,165.24295036379576,124.34795414294464,123.31131713756787,123.31131713756787,24.74840598695282,25.3757471250132,0.8336582716794081,34.004691701937105,0.8406665579772278,0.0,win,win,"[[0, 10, 5, 3, 1, 0], [0, 8, 7, 6, 2, 4, 9, 0]]","[[0, 3, 4, 7, 2, 6, 8, 0], [0, 1, 9, 5, 10, 0]]","[[0, 3, 4, 10, 5, 1, 0], [0, 8, 7, 6, 2, 9, 0]]","[[0, 8, 7, 6, 2, 9, 0], [0, 3, 4, 10, 5, 1, 0]]",1.0007677920511924,1.0006382910069078,1.0005185840418562,0.16500525001902133,0.0
cvrp_n10_seed18,18,weekday_rush,1,18,2,clear,5018,11801,0.5063539931084486,188.7028972971229,139.20929977631727,139.20929977631727,139.20929977631727,26.22831881742403,26.22831881742403,0.0,35.55337006962349,0.0,0.0,win,tie,"[[0, 10, 5, 3, 1, 0], [0, 8, 7, 6, 2, 4, 9, 0]]","[[0, 3, 4, 7, 2, 6, 8, 0], [0, 1, 9, 5, 10, 0]]","[[0, 1, 9, 5, 10, 0], [0, 3, 4, 7, 2, 6, 8, 0]]","[[0, 10, 5, 9, 1, 0], [0, 8, 6, 2, 7, 4, 3, 0]]",1.0007677920511924,1.0006382910069078,1.0006562910275534,0.1071512500056997,0.0
cvrp_n10_seed18,18,weekend_midday,2,12,5,clear,5018,11802,0.4185652991907262,154.11017503767454,107.72727842168374,108.63371165719616,107.72727842168374,30.097231804877133,29.509059586338786,-0.8414147732984717,43.05585112289877,0.0,0.8414147732984717,win,loss,"[[0, 10, 5, 3, 1, 0], [0, 8, 7, 6, 2, 4, 9, 0]]","[[0, 3, 4, 7, 2, 6, 8, 0], [0, 1, 9, 5, 10, 0]]","[[0, 9, 2, 6, 7, 8, 0], [0, 3, 4, 10, 5, 1, 0]]","[[0, 10, 5, 9, 1, 0], [0, 3, 4, 7, 2, 6, 8, 0]]",1.0007677920511924,1.0006382910069078,1.0006663340027444,0.17569258401636034,0.0
cvrp_n10_seed18,18,weekend_evening,3,19,5,clear,5018,11803,0.6000773949733685,196.40257552745828,128.41644481688513,128.41644481688513,128.41644481688513,34.61570222691315,34.61570222691315,0.0,52.94191939943337,0.0,0.0,win,tie,"[[0, 10, 5, 3, 1, 0], [0, 8, 7, 6, 2, 4, 9, 0]]","[[0, 3, 4, 7, 2, 6, 8, 0], [0, 1, 9, 5, 10, 0]]","[[0, 10, 5, 9, 1, 0], [0, 3, 4, 7, 2, 6, 8, 0]]","[[0, 1, 9, 5, 10, 0], [0, 3, 4, 7, 2, 6, 8, 0]]",1.0007677920511924,1.0006382910069078,1.000624583044555,0.0735829170444049,0.0
cvrp_n10_seed19,19,weekday_midday,0,12,2,clear,5019,11900,0.437317028863102,169.3493787527503,121.76530473345771,115.00898195388118,114.59953557667916,28.098168632059313,32.087744991498305,5.548643592989003,47.77492587606321,6.25287800750632,0.3572844995763997,win,win,"[[0, 1, 2, 6, 5, 4, 8, 3, 10, 0], [0, 7, 9, 0]]","[[0, 7, 9, 5, 4, 0], [0, 3, 8, 6, 2, 1, 10, 0]]","[[0, 3, 9, 1, 8, 6, 2, 10, 0], [0, 7, 5, 4, 0]]","[[0, 10, 9, 1, 2, 6, 8, 3, 0], [0, 7, 5, 4, 0]]",1.000647958018817,1.000494499981869,1.0004342920146883,0.10036600002786145,0.0
cvrp_n10_seed19,19,weekday_rush,1,18,2,clear,5019,11901,0.6834389529061827,200.95879577135986,142.57936038309086,137.48793932592503,137.48793932592503,29.05045044890197,31.584015122009674,3.5709383486402895,46.16467215715017,3.703176498337249,0.0,win,win,"[[0, 1, 2, 6, 5, 4, 8, 3, 10, 0], [0, 7, 9, 0]]","[[0, 7, 9, 5, 4, 0], [0, 3, 8, 6, 2, 1, 10, 0]]","[[0, 7, 9, 10, 0], [0, 3, 8, 6, 2, 1, 5, 4, 0]]","[[0, 10, 9, 7, 0], [0, 3, 8, 6, 2, 1, 5, 4, 0]]",1.000647958018817,1.000494499981869,1.0005695829750039,0.12404833297478035,0.0
cvrp_n10_seed19,19,weekend_midday,2,12,5,clear,5019,11902,0.42208786138700044,137.5173261867625,108.38744742280304,106.83125485572361,106.83125485572361,21.182697171117276,22.314330987910623,1.4357682592237357,28.723870530661312,1.4566828492102526,0.0,win,win,"[[0, 1, 2, 6, 5, 4, 8, 3, 10, 0], [0, 7, 9, 0]]","[[0, 7, 9, 5, 4, 0], [0, 3, 8, 6, 2, 1, 10, 0]]","[[0, 7, 10, 0], [0, 3, 9, 8, 6, 2, 1, 5, 4, 0]]","[[0, 7, 10, 0], [0, 3, 9, 8, 6, 2, 1, 5, 4, 0]]",1.000647958018817,1.000494499981869,1.0007364170160145,0.15500566695118323,0.0
cvrp_n10_seed19,19,weekend_evening,3,19,5,clear,5019,11903,0.615280670324767,178.38569493909768,133.07902526899898,134.43238566638968,133.07902526899898,25.39815184483642,24.639480922343022,-1.0169599564282126,34.04493651686896,0.0,1.0169599564282126,win,loss,"[[0, 1, 2, 6, 5, 4, 8, 3, 10, 0], [0, 7, 9, 0]]","[[0, 7, 9, 5, 4, 0], [0, 3, 8, 6, 2, 1, 10, 0]]","[[0, 7, 10, 3, 0], [0, 1, 2, 6, 8, 9, 5, 4, 0]]","[[0, 3, 8, 6, 2, 1, 10, 0], [0, 4, 5, 9, 7, 0]]",1.000647958018817,1.000494499981869,1.0006092920084484,0.2997460000333376,0.0
cvrp_n10_seed20,20,weekday_midday,0,12,2,clear,5020,12000,0.4382405597644836,114.21975321071093,98.66870468656401,97.97291693150589,97.97291693150592,13.615025498661842,14.224191370150411,0.705175726455916,16.582987205089932,0.7101837700152641,0.0,win,win,"[[0, 7, 3, 8, 5, 9, 2, 0], [0, 4, 10, 1, 6, 0]]","[[0, 2, 9, 3, 8, 5, 1, 0], [0, 6, 10, 7, 4, 0]]","[[0, 2, 9, 3, 8, 5, 1, 0], [0, 6, 7, 10, 4, 0]]","[[0, 4, 10, 7, 6, 0], [0, 1, 5, 8, 3, 9, 2, 0]]",1.000753458996769,1.000495167041663,1.0004670409834944,0.10915754199959338,0.0
cvrp_n10_seed20,20,weekday_rush,1,18,2,clear,5020,12001,0.7002503286011786,143.0774595824286,129.44244148078485,122.52952832676337,122.52952832676337,9.529815626750379,14.361403477273313,5.340530567053366,16.769779118766966,5.6418344609848115,0.0,win,win,"[[0, 7, 3, 8, 5, 9, 2, 0], [0, 4, 10, 1, 6, 0]]","[[0, 2, 9, 3, 8, 5, 1, 0], [0, 6, 10, 7, 4, 0]]","[[0, 8, 3, 5, 9, 2, 1, 0], [0, 4, 7, 10, 6, 0]]","[[0, 4, 7, 10, 6, 0], [0, 1, 2, 9, 5, 3, 8, 0]]",1.000753458996769,1.000495167041663,1.0005995000246912,0.10618283395888284,0.0
cvrp_n10_seed20,20,weekend_midday,2,12,5,clear,5020,12002,0.380877866848224,107.66661666996512,91.8890769185468,91.8890769185468,91.8890769185468,14.654068493469852,14.654068493469852,0.0,17.1702015957827,0.0,0.0,win,tie,"[[0, 7, 3, 8, 5, 9, 2, 0], [0, 4, 10, 1, 6, 0]]","[[0, 2, 9, 3, 8, 5, 1, 0], [0, 6, 10, 7, 4, 0]]","[[0, 4, 7, 10, 6, 0], [0, 1, 5, 8, 3, 9, 2, 0]]","[[0, 4, 7, 10, 6, 0], [0, 2, 9, 3, 8, 5, 1, 0]]",1.000753458996769,1.000495167041663,1.0005525840097107,0.15217866702005267,0.0
cvrp_n10_seed20,20,weekend_evening,3,19,5,clear,5020,12003,0.4497660687803292,138.12950633047646,111.95379261522201,111.95379261522201,111.95379261522201,18.95012471312881,18.95012471312881,0.0,23.380819089549462,0.0,0.0,win,tie,"[[0, 7, 3, 8, 5, 9, 2, 0], [0, 4, 10, 1, 6, 0]]","[[0, 2, 9, 3, 8, 5, 1, 0], [0, 6, 10, 7, 4, 0]]","[[0, 4, 7, 10, 6, 0], [0, 1, 5, 8, 3, 9, 2, 0]]","[[0, 4, 7, 10, 6, 0], [0, 1, 5, 8, 3, 9, 2, 0]]",1.000753458996769,1.000495167041663,1.0006821670103818,0.15995241596829146,0.0
cvrp_n10_seed21,21,weekday_midday,0,12,2,clear,5021,12100,0.5493907545918705,191.46288066332562,122.54148888299596,122.54148888299596,122.54148888299598,35.99726043061224,35.99726043061224,0.0,56.243311884464354,0.0,0.0,win,tie,"[[0, 8, 1, 4, 3, 10, 0], [0, 7, 5, 9, 6, 2, 0]]","[[0, 8, 3, 6, 9, 10, 0], [0, 7, 5, 2, 4, 1, 0]]","[[0, 7, 5, 2, 4, 1, 0], [0, 8, 3, 6, 9, 10, 0]]","[[0, 10, 9, 6, 3, 8, 0], [0, 7, 5, 2, 4, 1, 0]]",1.0005972079816274,1.000410417036619,1.0004103749524802,0.18728654203005135,0.0
cvrp_n10_seed21,21,weekday_rush,1,18,2,clear,5021,12101,0.6119183326868991,231.29456897567195,151.26635205295685,150.2157514595276,150.21575145952758,34.600128000036456,35.054354226826824,0.6945368743085922,53.97491057253694,0.6993944264974954,0.0,win,win,"[[0, 8, 1, 4, 3, 10, 0], [0, 7, 5, 9, 6, 2, 0]]","[[0, 8, 3, 6, 9, 10, 0], [0, 7, 5, 2, 4, 1, 0]]","[[0, 8, 4, 2, 5, 7, 0], [0, 10, 9, 6, 3, 1, 0]]","[[0, 7, 5, 2, 4, 8, 0], [0, 10, 9, 6, 3, 1, 0]]",1.0005972079816274,1.000410417036619,1.0013324999599718,0.10686183400684968,0.0
cvrp_n10_seed21,21,weekend_midday,2,12,5,clear,5021,12102,0.4334289870776894,168.8432092070406,115.39489839997348,114.16923437389686,114.16923437389684,31.655588079664597,32.381506540841016,1.062147497914787,47.888535937878,1.0735501843365902,0.0,win,win,"[[0, 8, 1, 4, 3, 10, 0], [0, 7, 5, 9, 6, 2, 0]]","[[0, 8, 3, 6, 9, 10, 0], [0, 7, 5, 2, 4, 1, 0]]","[[0, 5, 6, 9, 3, 1, 0], [0, 10, 4, 2, 8, 7, 0]]","[[0, 5, 6, 9, 3, 1, 0], [0, 7, 8, 2, 4, 10, 0]]",1.0005972079816274,1.000410417036619,1.00058504199842,0.13797895796597004,0.0
cvrp_n10_seed21,21,weekend_evening,3,19,5,clear,5021,12103,0.5021234989351951,196.148898209646,131.68191750813727,129.70631897690984,128.7635413308334,32.86634862083485,33.87354190576265,1.500280804390133,52.33263715982987,2.2664615675687827,0.7321774753415355,win,win,"[[0, 8, 1, 4, 3, 10, 0], [0, 7, 5, 9, 6, 2, 0]]","[[0, 8, 3, 6, 9, 10, 0], [0, 7, 5, 2, 4, 1, 0]]","[[0, 7, 5, 2, 4, 8, 10, 0], [0, 1, 3, 9, 6, 0]]","[[0, 10, 8, 2, 4, 1, 0], [0, 7, 5, 9, 6, 3, 0]]",1.0005972079816274,1.000410417036619,1.000588750001043,0.16936550004174933,0.0
cvrp_n10_seed22,22,weekday_midday,0,12,2,clear,5022,12200,0.42726527235449685,143.7866535601008,126.1371806693874,126.1371806693874,126.1371806693874,12.27476434962454,12.27476434962454,0.0,13.99228427102208,0.0,0.0,win,tie,"[[0, 5, 3, 8, 9, 6, 1, 0], [0, 7, 10, 2, 4, 0]]","[[0, 10, 4, 2, 0], [0, 1, 6, 5, 3, 8, 9, 7, 0]]","[[0, 10, 4, 2, 0], [0, 1, 6, 5, 3, 8, 9, 7, 0]]","[[0, 1, 6, 5, 3, 8, 9, 7, 0], [0, 10, 4, 2, 0]]",1.0005954169901088,1.0005200419691391,1.000539500033483,0.06716712500201538,0.0
cvrp_n10_seed22,22,weekday_rush,1,18,2,clear,5022,12201,0.5357901594419453,178.69979929289775,154.6836021636309,144.31905762625712,144.31905762625712,13.439409123175974,19.23938460070059,6.700480459725601,23.822731545044032,7.18168806521369,0.0,win,win,"[[0, 5, 3, 8, 9, 6, 1, 0], [0, 7, 10, 2, 4, 0]]","[[0, 10, 4, 2, 0], [0, 1, 6, 5, 3, 8, 9, 7, 0]]","[[0, 7, 9, 8, 3, 5, 6, 1, 0], [0, 4, 2, 10, 0]]","[[0, 7, 9, 8, 3, 5, 6, 1, 0], [0, 4, 2, 10, 0]]",1.0005954169901088,1.0005200419691391,1.0006357919774018,0.058013792033307254,0.0
cvrp_n10_seed22,22,weekend_midday,2,12,5,clear,5022,12202,0.5105427176013426,129.62689556696913,112.16588792728443,112.16588792728443,112.16588792728443,13.470204283850812,13.470204283850812,0.0,15.567128261851252,0.0,0.0,win,tie,"[[0, 5, 3, 8, 9, 6, 1, 0], [0, 7, 10, 2, 4, 0]]","[[0, 10, 4, 2, 0], [0, 1, 6, 5, 3, 8, 9, 7, 0]]","[[0, 10, 4, 2, 0], [0, 1, 6, 5, 3, 8, 9, 7, 0]]","[[0, 2, 4, 10, 0], [0, 7, 9, 8, 3, 5, 6, 1, 0]]",1.0005954169901088,1.0005200419691391,1.0005542080034502,0.04803487501339987,0.0
cvrp_n10_seed22,22,weekend_evening,3,19,5,clear,5022,12203,0.5959963034175236,173.80494369003975,133.315565996288,130.77692575479898,130.77692575479898,23.29587227735,24.756498303049465,1.9042339298621025,32.9018423448158,1.9411988979224513,0.0,win,win,"[[0, 5, 3, 8, 9, 6, 1, 0], [0, 7, 10, 2, 4, 0]]","[[0, 10, 4, 2, 0], [0, 1, 6, 5, 3, 8, 9, 7, 0]]","[[0, 1, 7, 9, 8, 3, 5, 6, 0], [0, 10, 4, 2, 0]]","[[0, 10, 4, 2, 0], [0, 1, 7, 9, 8, 3, 5, 6, 0]]",1.0005954169901088,1.0005200419691391,1.0005940420087427,0.02009437495144084,0.0
cvrp_n10_seed23,23,weekday_midday,0,12,2,clear,5023,12300,0.3832836788971047,113.82669476359686,86.97727065986743,86.97727065986743,86.97727065986743,23.587985366255403,23.587985366255403,0.0,30.869471874699954,0.0,0.0,win,tie,"[[0, 10, 6, 3, 4, 8, 2, 0], [0, 1, 5, 9, 7, 0]]","[[0, 6, 3, 4, 2, 8, 0], [0, 10, 5, 9, 7, 1, 0]]","[[0, 6, 3, 4, 2, 8, 0], [0, 1, 7, 9, 5, 10, 0]]","[[0, 6, 3, 4, 2, 8, 0], [0, 10, 5, 9, 7, 1, 0]]",1.0006396250100806,1.0013512080186047,1.0004934999742545,0.09294779103947803,0.0
cvrp_n10_seed23,23,weekday_rush,1,18,2,clear,5023,12301,0.6821529470013051,134.5305488712601,107.87841210164196,107.87841210164196,107.87841210164196,19.811215365755388,19.811215365755388,0.0,24.705718456911253,0.0,0.0,win,tie,"[[0, 10, 6, 3, 4, 8, 2, 0], [0, 1, 5, 9, 7, 0]]","[[0, 6, 3, 4, 2, 8, 0], [0, 10, 5, 9, 7, 1, 0]]","[[0, 6, 3, 4, 2, 8, 0], [0, 10, 5, 9, 7, 1, 0]]","[[0, 10, 5, 9, 7, 1, 0], [0, 6, 3, 4, 2, 8, 0]]",1.0006396250100806,1.0013512080186047,1.000503875024151,0.11673520796466619,0.0
cvrp_n10_seed23,23,weekend_midday,2,12,5,clear,5023,12302,0.4105852158947067,100.77291664923715,78.62788028270339,78.62788028270339,78.62788028270339,21.975186491440503,21.975186491440503,0.0,28.16435631599398,0.0,0.0,win,tie,"[[0, 10, 6, 3, 4, 8, 2, 0], [0, 1, 5, 9, 7, 0]]","[[0, 6, 3, 4, 2, 8, 0], [0, 10, 5, 9, 7, 1, 0]]","[[0, 8, 2, 4, 3, 6, 0], [0, 10, 5, 9, 7, 1, 0]]","[[0, 8, 2, 4, 3, 6, 0], [0, 1, 7, 9, 5, 10, 0]]",1.0006396250100806,1.0013512080186047,1.0006368330214173,0.10454041697084904,0.0
cvrp_n10_seed23,23,weekend_evening,3,19,5,clear,5023,12303,0.5828631137437967,124.26901716277803,102.47966313156127,102.47966313156127,102.47966313156127,17.5340197650998,17.5340197650998,0.0,21.262124957655296,0.0,0.0,win,tie,"[[0, 10, 6, 3, 4, 8, 2, 0], [0, 1, 5, 9, 7, 0]]","[[0, 6, 3, 4, 2, 8, 0], [0, 10, 5, 9, 7, 1, 0]]","[[0, 1, 7, 9, 5, 10, 0], [0, 6, 3, 4, 2, 8, 0]]","[[0, 6, 3, 4, 2, 8, 0], [0, 1, 7, 9, 5, 10, 0]]",1.0006396250100806,1.0013512080186047,1.0005774999735877,0.16909425001358613,0.0
cvrp_n10_seed24,24,weekday_midday,0,12,2,clear,5024,12400,0.4384898557666458,136.08531591224795,106.5779662197528,104.54748454712644,104.54748454712643,21.682978427681658,23.175043650894768,1.9051608363774806,30.166035559569437,1.942162149019562,0.0,win,win,"[[0, 2, 3, 4, 8, 0], [0, 5, 6, 1, 7, 10, 9, 0]]","[[0, 8, 9, 7, 1, 10, 5, 3, 0], [0, 6, 4, 2, 0]]","[[0, 10, 1, 7, 9, 8, 0], [0, 2, 5, 4, 6, 3, 0]]","[[0, 2, 5, 4, 6, 3, 0], [0, 8, 9, 7, 1, 10, 0]]",1.0006887500057928,1.000530749966856,1.000467124977149,0.13933800003724173,0.0
cvrp_n10_seed24,24,weekday_rush,1,18,2,clear,5024,12401,0.5821159935592374,160.34948655366853,140.45316232541035,135.0491514920077,133.38845232768716,12.408099742557601,15.778245135317523,3.847553692584232,20.212420007503994,5.296343030030627,1.2450096956225238,win,win,"[[0, 2, 3, 4, 8, 0], [0, 5, 6, 1, 7, 10, 9, 0]]","[[0, 8, 9, 7, 1, 10, 5, 3, 0], [0, 6, 4, 2, 0]]","[[0, 1, 7, 10, 9, 6, 3, 0], [0, 2, 5, 4, 8, 0]]","[[0, 8, 9, 10, 7, 1, 0], [0, 2, 5, 6, 4, 3, 0]]",1.0006887500057928,1.000530749966856,1.0006670409929939,0.09009783394867554,0.0
cvrp_n10_seed24,24,weekend_midday,2,12,5,clear,5024,12402,0.4658470421999559,120.70228027696918,96.66116155611927,97.22563777412847,95.60104498631209,19.917700531989965,19.450040586615337,-0.583974172172018,26.256235268402158,1.1088964246771182,1.6993462655653897,win,loss,"[[0, 2, 3, 4, 8, 0], [0, 5, 6, 1, 7, 10, 9, 0]]","[[0, 8, 9, 7, 1, 10, 5, 3, 0], [0, 6, 4, 2, 0]]","[[0, 3, 5, 10, 1, 7, 9, 8, 0], [0, 2, 6, 4, 0]]","[[0, 4, 6, 5, 2, 3, 0], [0, 1, 7, 10, 9, 8, 0]]",1.0006887500057928,1.000530749966856,1.0005417079664767,0.13970679201884195,0.0
cvrp_n10_seed24,24,weekend_evening,3,19,5,clear,5024,12403,0.5057414419179183,134.69426547259994,112.76653438303595,112.76653438303595,112.76653438303595,16.27963225652292,16.27963225652292,0.0,19.445246951619268,0.0,0.0,win,tie,"[[0, 2, 3, 4, 8, 0], [0, 5, 6, 1, 7, 10, 9, 0]]","[[0, 8, 9, 7, 1, 10, 5, 3, 0], [0, 6, 4, 2, 0]]","[[0, 6, 4, 2, 0], [0, 8, 9, 7, 1, 10, 5, 3, 0]]","[[0, 6, 4, 2, 0], [0, 3, 5, 10, 1, 7, 9, 8, 0]]",1.0006887500057928,1.000530749966856,1.000619500002358,0.1016189589863643,0.0
cvrp_n10_seed25,25,weekday_midday,0,12,2,clear,5025,12500,0.5192732065080078,168.95651126400392,124.78356875285763,122.99267290351204,122.99267290351204,26.144563580697767,27.204538029712765,1.4352016593567538,37.37120047512959,1.456099625341543,0.0,win,win,"[[0, 1, 10, 3, 6, 0], [0, 2, 9, 8, 7, 5, 4, 0]]","[[0, 3, 6, 10, 1, 0], [0, 7, 8, 9, 2, 5, 4, 0]]","[[0, 7, 8, 9, 1, 0], [0, 3, 6, 10, 2, 5, 4, 0]]","[[0, 3, 6, 10, 2, 5, 4, 0], [0, 1, 9, 8, 7, 0]]",1.0006043329485692,1.000447708007414,1.000586874957662,0.11511937499744818,0.0
cvrp_n10_seed25,25,weekday_rush,1,18,2,clear,5025,12501,0.7168560034562238,206.10737360271253,156.88244304668325,156.88244304668325,156.88244304668325,23.883148717868792,23.883148717868792,0.0,31.376953086701675,0.0,0.0,win,tie,"[[0, 1, 10, 3, 6, 0], [0, 2, 9, 8, 7, 5, 4, 0]]","[[0, 3, 6, 10, 1, 0], [0, 7, 8, 9, 2, 5, 4, 0]]","[[0, 1, 10, 6, 3, 0], [0, 7, 8, 9, 2, 5, 4, 0]]","[[0, 3, 6, 10, 1, 0], [0, 4, 5, 2, 9, 8, 7, 0]]",1.0006043329485692,1.000447708007414,1.0006555830477737,0.17978587496327236,0.0
cvrp_n10_seed25,25,weekend_midday,2,12,5,clear,5025,12502,0.46709223764312174,152.5837293649661,118.87567553967989,118.87567553967989,118.8756755396799,22.091512617744243,22.091512617744243,0.0,28.3557201019099,0.0,0.0,win,tie,"[[0, 1, 10, 3, 6, 0], [0, 2, 9, 8, 7, 5, 4, 0]]","[[0, 3, 6, 10, 1, 0], [0, 7, 8, 9, 2, 5, 4, 0]]","[[0, 3, 6, 10, 1, 0], [0, 7, 8, 9, 2, 5, 4, 0]]","[[0, 1, 10, 6, 3, 0], [0, 4, 5, 2, 9, 8, 7, 0]]",1.0006043329485692,1.000447708007414,1.0006580830086023,0.18429429101524875,0.0
cvrp_n10_seed25,25,weekend_evening,3,19,5,clear,5025,12503,0.49969572962444875,175.141403007193,132.7890385858467,132.7890385858467,132.7890385858467,24.18181177845589,24.18181177845589,0.0,31.894473273082657,0.0,0.0,win,tie,"[[0, 1, 10, 3, 6, 0], [0, 2, 9, 8, 7, 5, 4, 0]]","[[0, 3, 6, 10, 1, 0], [0, 7, 8, 9, 2, 5, 4, 0]]","[[0, 7, 8, 9, 2, 5, 4, 0], [0, 1, 10, 6, 3, 0]]","[[0, 4, 5, 2, 9, 8, 7, 0], [0, 3, 6, 10, 1, 0]]",1.0006043329485692,1.000447708007414,1.0006722920225002,0.11189704202115536,0.0
cvrp_n10_seed26,26,weekday_midday,0,12,2,clear,5026,12600,0.48887844874136405,170.1956692991898,125.49948745811031,122.628461375236,122.628461375236,26.26164462651945,27.948541887005725,2.2876795284384013,38.78969644608106,2.341239587186155,0.0,win,win,"[[0, 9, 3, 6, 7, 2, 8, 0], [0, 10, 1, 4, 5, 0]]","[[0, 3, 1, 9, 0], [0, 6, 7, 2, 8, 4, 5, 10, 0]]","[[0, 3, 9, 1, 10, 0], [0, 6, 7, 2, 8, 5, 4, 0]]","[[0, 3, 9, 1, 10, 0], [0, 6, 7, 2, 8, 5, 4, 0]]",1.000533832993824,1.000463625008706,1.000449666986242,0.11453550000442192,0.0
cvrp_n10_seed26,26,weekday_rush,1,18,2,clear,5026,12601,0.8255478411843197,240.0995405104449,156.91776894573223,156.02834239103186,156.02834239103188,34.644702521242046,35.01514327794216,0.566810604481621,53.882004276323855,0.5700416610664909,0.0,win,win,"[[0, 9, 3, 6, 7, 2, 8, 0], [0, 10, 1, 4, 5, 0]]","[[0, 3, 1, 9, 0], [0, 6, 7, 2, 8, 4, 5, 10, 0]]","[[0, 4, 8, 2, 7, 6, 3, 0], [0, 9, 1, 5, 10, 0]]","[[0, 9, 1, 5, 10, 0], [0, 3, 6, 7, 2, 8, 4, 0]]",1.000533832993824,1.000463625008706,1.0012429999769665,0.10810770798707381,0.0
cvrp_n10_seed26,26,weekend_midday,2,12,5,clear,5026,12602,0.37990825694128316,157.32389816865867,110.92608171759284,110.92608171759284,110.92608171759284,29.491906182826195,29.491906182826195,0.0,41.827688973266206,0.0,0.0,win,tie,"[[0, 9, 3, 6, 7, 2, 8, 0], [0, 10, 1, 4, 5, 0]]","[[0, 3, 1, 9, 0], [0, 6, 7, 2, 8, 4, 5, 10, 0]]","[[0, 9, 1, 3, 0], [0, 6, 7, 2, 8, 4, 5, 10, 0]]","[[0, 3, 1, 9, 0], [0, 10, 5, 4, 8, 2, 7, 6, 0]]",1.000533832993824,1.000463625008706,1.0005647910293192,0.17729716701433063,0.0
cvrp_n10_seed26,26,weekend_evening,3,19,5,clear,5026,12603,0.5151197443329242,189.89109193558244,140.87685981592804,138.58657008946471,138.58657008946471,25.811759582846417,27.017866569286973,1.625738768919081,37.01983663568413,1.6526058224724294,0.0,win,win,"[[0, 9, 3, 6, 7, 2, 8, 0], [0, 10, 1, 4, 5, 0]]","[[0, 3, 1, 9, 0], [0, 6, 7, 2, 8, 4, 5, 10, 0]]","[[0, 1, 9, 3, 0], [0, 6, 7, 2, 8, 4, 5, 10, 0]]","[[0, 1, 9, 3, 0], [0, 10, 5, 4, 8, 2, 7, 6, 0]]",1.000533832993824,1.000463625008706,1.000573583994992,0.12648820801405236,0.0
cvrp_n10_seed27,27,weekday_midday,0,12,2,clear,5027,12700,0.4069572059582833,124.90705418615997,103.39392986212874,103.39392986212874,103.39392986212874,17.223306132869265,17.223306132869265,0.0,20.806951000622597,0.0,0.0,win,tie,"[[0, 7, 9, 5, 1, 10, 6, 4, 0], [0, 3, 8, 2, 0]]","[[0, 6, 5, 1, 10, 9, 7, 0], [0, 3, 2, 8, 4, 0]]","[[0, 7, 9, 10, 1, 5, 6, 0], [0, 4, 8, 2, 3, 0]]","[[0, 3, 2, 8, 4, 0], [0, 6, 5, 1, 10, 9, 7, 0]]",1.0005886249709874,1.0004777500289492,1.0004575420171022,0.1140311670023948,0.0
cvrp_n10_seed27,27,weekday_rush,1,18,2,clear,5027,12701,0.492484076034166,172.19584597140062,130.51664586502403,130.51664586502403,130.51664586502403,24.204532851099632,24.204532851099632,0.0,31.934011045211676,0.0,0.0,win,tie,"[[0, 7, 9, 5, 1, 10, 6, 4, 0], [0, 3, 8, 2, 0]]","[[0, 6, 5, 1, 10, 9, 7, 0], [0, 3, 2, 8, 4, 0]]","[[0, 7, 9, 10, 1, 5, 6, 0], [0, 3, 2, 8, 4, 0]]","[[0, 3, 2, 8, 4, 0], [0, 7, 9, 10, 1, 5, 6, 0]]",1.0005886249709874,1.0004777500289492,1.0006599999614991,0.07522166700800881,0.0
cvrp_n10_seed27,27,weekend_midday,2,12,5,clear,5027,12702,0.3776730060605486,117.58949113297294,95.99703674681291,95.99703674681291,95.99703674681291,18.362571500324616,18.362571500324616,0.0,22.49283427686313,0.0,0.0,win,tie,"[[0, 7, 9, 5, 1, 10, 6, 4, 0], [0, 3, 8, 2, 0]]","[[0, 6, 5, 1, 10, 9, 7, 0], [0, 3, 2, 8, 4, 0]]","[[0, 6, 5, 1, 10, 9, 7, 0], [0, 3, 2, 8, 4, 0]]","[[0, 4, 8, 2, 3, 0], [0, 6, 5, 1, 10, 9, 7, 0]]",1.0005886249709874,1.0004777500289492,1.0006728749722242,0.11939045798499137,0.0
cvrp_n10_seed27,27,weekend_evening,3,19,5,clear,5027,12703,0.4684349655491485,139.66027143489256,115.62892802137833,115.62892802137833,115.62892802137833,17.207000363533787,17.207000363533787,0.0,20.783158526792832,0.0,0.0,win,tie,"[[0, 7, 9, 5, 1, 10, 6, 4, 0], [0, 3, 8, 2, 0]]","[[0, 6, 5, 1, 10, 9, 7, 0], [0, 3, 2, 8, 4, 0]]","[[0, 7, 9, 10, 1, 5, 6, 0], [0, 4, 8, 2, 3, 0]]","[[0, 6, 5, 1, 10, 9, 7, 0], [0, 4, 8, 2, 3, 0]]",1.0005886249709874,1.0004777500289492,1.0005980000132695,0.17562708299374208,0.0
cvrp_n10_seed28,28,weekday_midday,0,12,2,clear,5028,12800,0.5175412778989482,124.20173070036024,107.8694591097627,107.86945910976272,107.86945910976273,13.14979388652768,13.149793886527666,-1.3174122529660346e-14,15.140774530053577,0.0,0.0,win,tie,"[[0, 10, 9, 5, 2, 4, 7, 3, 0], [0, 1, 6, 8, 0]]","[[0, 6, 9, 5, 2, 4, 7, 0], [0, 8, 3, 1, 10, 0]]","[[0, 10, 1, 3, 8, 0], [0, 6, 9, 5, 2, 4, 7, 0]]","[[0, 7, 4, 2, 5, 9, 6, 0], [0, 10, 1, 3, 8, 0]]",1.0006079159793444,1.000496790977195,1.0004786669742316,0.08349854103289545,0.0
cvrp_n10_seed28,28,weekday_rush,1,18,2,clear,5028,12801,0.6200600130803307,154.68464288035054,131.3249465676834,131.32494656768338,131.3249465676834,15.101496746988635,15.101496746988655,2.164227755139864e-14,17.787706694879788,0.0,0.0,win,tie,"[[0, 10, 9, 5, 2, 4, 7, 3, 0], [0, 1, 6, 8, 0]]","[[0, 6, 9, 5, 2, 4, 7, 0], [0, 8, 3, 1, 10, 0]]","[[0, 7, 4, 2, 5, 9, 6, 0], [0, 8, 3, 1, 10, 0]]","[[0, 10, 1, 3, 8, 0], [0, 6, 9, 5, 2, 4, 7, 0]]",1.0006079159793444,1.000496790977195,1.00059362500906,0.11061675002565607,0.0
cvrp_n10_seed28,28,weekend_midday,2,12,5,clear,5028,12802,0.4415189345856695,120.11548426569148,93.63714709776637,93.63714709776639,93.63714709776637,22.044066449714258,22.044066449714247,-1.5176513975126213e-14,28.277599209936543,0.0,0.0,win,tie,"[[0, 10, 9, 5, 2, 4, 7, 3, 0], [0, 1, 6, 8, 0]]","[[0, 6, 9, 5, 2, 4, 7, 0], [0, 8, 3, 1, 10, 0]]","[[0, 10, 1, 3, 8, 0], [0, 7, 4, 2, 5, 9, 6, 0]]","[[0, 10, 1, 3, 8, 0], [0, 6, 9, 5, 2, 4, 7, 0]]",1.0006079159793444,1.000496790977195,1.0005816249758936,0.05747966596391052,0.0
cvrp_n10_seed28,28,weekend_evening,3,19,5,clear,5028,12803,0.574102216538977,144.1193076888394,123.24984113186234,122.06477068634439,122.06477068634439,14.480687488476738,15.302971792032077,0.9615188422434312,18.067896968541383,0.9708537843102072,0.0,win,win,"[[0, 10, 9, 5, 2, 4, 7, 3, 0], [0, 1, 6, 8, 0]]","[[0, 6, 9, 5, 2, 4, 7, 0], [0, 8, 3, 1, 10, 0]]","[[0, 1, 3, 6, 10, 0], [0, 8, 9, 5, 2, 4, 7, 0]]","[[0, 7, 4, 2, 5, 9, 8, 0], [0, 1, 3, 6, 10, 0]]",1.0006079159793444,1.000496790977195,1.0005165839684196,0.12562704196898267,0.0
cvrp_n10_seed29,29,weekday_midday,0,12,2,clear,5029,12900,0.5195820883386315,146.30783621575185,107.97097152149979,107.97097152149979,107.97097152149979,26.20287859203854,26.20287859203854,0.0,35.506640492364376,0.0,0.0,win,tie,"[[0, 7, 10, 4, 9, 0], [0, 5, 2, 8, 3, 1, 6, 0]]","[[0, 3, 2, 8, 1, 6, 7, 0], [0, 10, 4, 5, 9, 0]]","[[0, 7, 6, 1, 8, 2, 3, 0], [0, 9, 5, 4, 10, 0]]","[[0, 3, 2, 8, 1, 6, 7, 0], [0, 10, 4, 5, 9, 0]]",1.0005499580292962,1.0004356250283308,1.0004249580088072,0.09076179098337889,0.0
cvrp_n10_seed29,29,weekday_rush,1,18,2,clear,5029,12901,0.6586134652040948,172.09458930047282,137.88367549206987,137.88367549206987,137.88367549206987,19.879133880654177,19.879133880654177,0.0,24.811431582682555,0.0,0.0,win,tie,"[[0, 7, 10, 4, 9, 0], [0, 5, 2, 8, 3, 1, 6, 0]]","[[0, 3, 2, 8, 1, 6, 7, 0], [0, 10, 4, 5, 9, 0]]","[[0, 3, 2, 8, 1, 6, 7, 0], [0, 9, 5, 4, 10, 0]]","[[0, 9, 5, 4, 10, 0], [0, 3, 2, 8, 1, 6, 7, 0]]",1.0005499580292962,1.0004356250283308,1.0005921659758314,0.09343700000317767,0.0
cvrp_n10_seed29,29,weekend_midday,2,12,5,clear,5029,12902,0.5108168305662735,122.29125270198213,93.32973117101773,93.32973117101773,93.32973117101773,23.682414638062653,23.682414638062653,0.0,31.03139928464512,0.0,0.0,win,tie,"[[0, 7, 10, 4, 9, 0], [0, 5, 2, 8, 3, 1, 6, 0]]","[[0, 3, 2, 8, 1, 6, 7, 0], [0, 10, 4, 5, 9, 0]]","[[0, 3, 2, 8, 1, 6, 7, 0], [0, 9, 5, 4, 10, 0]]","[[0, 10, 4, 5, 9, 0], [0, 7, 6, 1, 8, 2, 3, 0]]",1.0005499580292962,1.0004356250283308,1.0007270419737324,0.03478720801649615,0.0
cvrp_n10_seed29,29,weekend_evening,3,19,5,clear,5029,12903,0.5694559715006268,156.99216987022993,108.70836250806732,108.70836250806732,108.70836250806732,30.75555131321142,30.75555131321142,0.0,44.415908995574675,0.0,0.0,win,tie,"[[0, 7, 10, 4, 9, 0], [0, 5, 2, 8, 3, 1, 6, 0]]","[[0, 3, 2, 8, 1, 6, 7, 0], [0, 10, 4, 5, 9, 0]]","[[0, 3, 2, 8, 1, 6, 7, 0], [0, 9, 5, 4, 10, 0]]","[[0, 9, 5, 4, 10, 0], [0, 3, 2, 8, 1, 6, 7, 0]]",1.0005499580292962,1.0004356250283308,1.0006832500221208,0.07735608401708305,0.0
