network_seed,scenario,mean_distance_realized_cost,mean_free_flow_realized_cost,mean_ml_realized_cost,mean_expected_oracle_route_realized_cost,mean_ml_improvement_vs_distance_percent,mean_ml_improvement_vs_free_flow_percent,mean_draw_level_ml_improvement_vs_free_flow_percent,distance_realized_std,free_flow_realized_std,ml_realized_std,distance_p90_realized_cost,free_flow_p90_realized_cost,ml_p90_realized_cost,expected_oracle_route_p90_realized_cost,ml_p90_improvement_vs_free_flow_percent,probability_ml_beats_free_flow,probability_ml_beats_distance,decision_scenario_index,realization_count,win_probability,tie_probability,loss_probability,mean_savings_minutes,median_savings_minutes,conditional_win_probability,expected_ml_improvement_vs_free_flow_percent,expected_outcome_vs_free_flow,expected_ml_regret_vs_oracle_percent
0,weekday_midday,136.04445814982375,114.78441513122398,114.78441513122398,114.78441513122398,15.62727604470768,0.0,0.0,9.161390508907568,7.665294094884681,7.665294094884681,148.65368865256778,125.55057256487876,125.55057256487876,125.55057256487876,0.0,0.0,0.98,0,100,0.0,1.0,0.0,0.0,0.0,,0.0,tie,0.0
0,weekday_rush,167.1064190465584,137.52999075859577,132.27023141229665,132.27023141229668,20.84670824317997,3.8244453571813968,3.7604564029575407,8.183057529504357,8.25309114202526,8.836141542647336,176.61753780189545,149.0445235112544,143.921227786058,143.921227786058,3.4374263505290914,0.83,1.0,1,100,0.83,0.0,0.17,5.259759346299092,5.130637391367188,0.83,3.643816582443064,win,0.0
0,weekend_midday,116.77566038115523,102.32048532328832,102.32048532328832,102.32048532328832,12.378585580835324,0.0,0.0,9.647696573677704,8.519687580196653,8.519687580196653,130.35740613064007,112.81380986383756,112.81380986383756,112.81380986383756,0.0,0.0,0.96,2,100,0.0,1.0,0.0,0.0,0.0,,0.0,tie,0.0
0,weekend_evening,130.85669863162877,123.50116624675802,119.16046266068896,119.16046266068896,8.938201936352959,3.5147065553990378,3.4607797445938853,8.226203182055848,6.764809632515918,7.973416471074451,140.33623806207856,131.4849959503792,128.29905067248868,128.2990506724887,2.423048542430556,0.72,1.0,3,100,0.72,0.0,0.28,4.340703586069089,4.03930806986088,0.72,3.261024962827661,win,0.0
1,weekday_midday,118.50809039041027,118.5145347700266,118.5816368033888,117.23265762491565,-0.062060246466053,-0.0566192437850757,-0.1611802461563937,8.450893846517896,8.542470739509199,9.08620437214339,129.42216176503092,128.9280634969946,131.32135757584012,127.25434593624576,-1.856301889542693,0.46,0.47,4,100,0.46,0.0,0.54,-0.06710203336221426,-0.4448674977552258,0.46,-0.2963352442731965,loss,1.3177701889131366
1,weekday_rush,161.53441170987307,138.0497051863497,136.57781272493855,136.57781272493852,15.449710511069483,1.0662047118639546,0.9697638341162071,7.715921430316369,7.991382967183058,7.304568015023442,168.96852147936974,148.63506425310842,145.9995208402854,145.99952084028538,1.77316397450805,0.59,1.0,5,100,0.59,0.0,0.41,1.4718924614111715,1.299530126495796,0.59,0.9408220636726048,win,0.0
1,weekend_midday,110.75230547844116,102.62854219209802,100.67316206288268,100.67316206288268,9.100617248568668,1.9052985528677795,1.7433383994084335,8.25463903939158,7.9580750334724,7.837608938034953,121.55875269806327,113.47072471331435,110.56073406655632,110.56073406655632,2.564529885668912,0.64,0.96,6,100,0.64,0.0,0.36,1.9553801292153492,1.9835146976711684,0.64,2.277793098486334,win,0.0
1,weekend_evening,122.19067068446348,121.19664136773372,116.74611907828628,116.44738506126532,4.455783388108909,3.672149854337713,3.5908557024556127,9.10678035993678,8.857115089789009,8.883530113752816,132.16335145042547,130.77536161687465,127.39926760504834,125.7667913425009,2.581597917287407,0.78,0.82,7,100,0.78,0.0,0.22,4.450522289447445,4.4464234310955035,0.78,3.106711987219543,win,0.2586533025923928
2,weekday_midday,166.04616285115426,120.70962300924332,118.76126327925984,118.76126327925984,28.476960117579576,1.6140881575235295,1.42444195363042,7.959495138722421,7.816970026618712,7.748440447928304,175.8791297108114,131.97779503628382,128.08948287839797,128.089482878398,2.946186634514435,0.57,1.0,8,100,0.57,0.0,0.43,1.948359729983502,1.358168944429167,0.57,1.0718602756340856,win,0.0
2,weekday_rush,210.7848052832513,150.7133549427233,148.6021390410668,148.6021390410668,29.50054495561187,1.4008154104583723,1.3123864497757936,7.685838737926274,7.736500606305159,9.143443851976205,221.4037370834957,160.90800231054408,159.9387995889504,159.9387995889504,0.6023334499692428,0.6,1.0,9,100,0.6,0.0,0.4,2.111215901656534,1.8141253192874132,0.6,1.1929626313383237,win,0.0
2,weekend_midday,157.9734996391005,111.95142364849232,111.95142364849232,111.95142364849232,29.132782457657928,0.0,-1.2021778091551444e-16,8.045297446818036,7.9259436515212816,7.9259436515212816,168.46278666678853,122.5277253718664,122.5277253718664,122.5277253718664,0.0,0.13,1.0,10,100,0.0,1.0,0.0,0.0,0.0,,1.2817387339813278e-14,tie,0.0
2,weekend_evening,193.5300978562231,146.29746824957445,146.29746824957445,144.53725516381223,24.40583151140584,0.0,-8.178156919620328e-16,8.788837729783648,8.257298910616193,8.257298910616191,205.68602698214983,157.7338277669328,157.73382776693282,156.0854605613583,-1.80187787444047e-14,0.09,1.0,11,100,0.0,1.0,0.0,-1.7053025658242404e-15,0.0,,0.0,tie,0.5451245622394694
3,weekday_midday,137.42774265942796,122.11133085391766,121.64457631174504,121.61449177939971,11.48470173653119,0.3822368808108544,0.2596139590880029,7.499633929461012,7.569229060457427,8.033960584944694,146.88832246405025,131.30404593498037,133.03863240987215,131.8360967261272,-1.3210457168629242,0.59,1.0,12,100,0.59,0.0,0.41,0.46675454217262413,0.8873132159489643,0.59,0.0702193724649144,win,0.3812115334846088
3,weekday_rush,165.13385293229945,147.43910255328913,147.95533787352133,147.43910255328913,10.402782199856292,-0.3501346056047882,-0.4849185475052149,8.4784019199708,9.051905085757156,9.246091661498754,175.7786570935601,159.26972162732778,159.7190510836072,159.2697216273278,-0.2821185669745857,0.51,0.98,13,100,0.51,0.0,0.49,-0.5162353202321981,0.26243794919959385,0.51,-0.1869273790335648,loss,0.1869273790335648
3,weekend_midday,123.83869101310825,104.57445654937244,105.49054011237266,104.57445654937244,14.816169930925252,-0.8760108282922039,-1.0118787737844148,8.760527305480844,7.622790754174874,7.648505340582892,134.3315733000381,114.1071264943267,115.23537369553236,114.10712649432672,-0.988761382280328,0.44,0.99,14,100,0.44,0.0,0.56,-0.91608356300024,-0.9353392892204795,0.44,-1.0180212187560644,loss,1.0180212187560644
3,weekend_evening,142.07905919507954,135.58446553210015,125.63845460446296,125.63845460446296,11.571448096403186,7.335656698283365,7.225281611542949,8.228412574580656,7.482262562059074,7.352631301504024,152.77139801164088,144.89276702534272,135.69516406034995,135.69516406034992,6.347868947374058,0.92,1.0,15,100,0.92,0.0,0.08,9.946010927637206,9.844085796611004,0.92,8.154374526641442,win,0.0
4,weekday_midday,160.3584433471943,129.0598842964589,123.4771201876158,123.4771201876158,22.999302306599624,4.325716034286175,4.172798214563986,8.650093031633446,7.536442345483851,7.247339077184428,171.8104120095961,137.77262428396523,131.91754314635656,131.91754314635656,4.249814626119532,0.8,1.0,16,100,0.8,0.0,0.2,5.582764108843145,5.734545515404008,0.8,3.962141196803683,win,0.0
4,weekday_rush,187.6307256333182,155.54004504174372,154.3117697259182,154.31176972591825,17.757729068593154,0.7896842999472476,0.6357318157879523,8.503134153853601,9.70610687047472,8.42303285674004,199.392543014995,168.2384360551021,164.35585363738377,164.35585363738377,2.307785609970084,0.59,1.0,17,100,0.59,0.0,0.41,1.2282753158255204,0.7805474986698613,0.59,1.479372463143056,win,0.0
4,weekend_midday,137.9336979038193,112.82410655935864,109.63304392904612,109.63304392904614,20.517577941328835,2.8283517836976007,2.6605919340155193,8.76316724968053,8.269581252802038,8.49331433484479,149.15308100307396,123.29740814877916,122.07446182214892,122.07446182214892,0.991867018935654,0.73,1.0,18,100,0.73,0.0,0.27,3.1910626303124796,2.533719044911841,0.73,2.985165574806648,win,0.0
4,weekend_evening,161.1519263353823,133.67717804840416,130.14845362326025,130.14845362326025,19.23866094383445,2.639735874635358,2.4885861419928053,8.161455927163992,8.399896739521035,7.6500038196043265,172.13526110269115,142.5604219439894,138.8128412163378,138.8128412163378,2.628766579495673,0.71,1.0,19,100,0.71,0.0,0.29,3.528724425143864,3.5291198976190614,0.71,2.161540875249365,win,0.0
5,weekday_midday,158.85394620494876,132.75050071336074,132.22527663041103,132.75050071336074,16.762989029043183,0.3956475343801426,0.1936056572981445,8.380402033991768,8.535688562861926,8.261506883542623,169.0944378038156,145.02747584501654,142.37670203443977,145.02747584501654,1.8277735271415336,0.55,1.0,20,100,0.55,0.0,0.45,0.5252240829496572,1.1725129860153913,0.55,-0.3042375551130808,loss,0.3042375551130808
5,weekday_rush,210.342582637981,159.0929901272308,159.0929901272308,159.0929901272308,24.36482041249607,0.0,3.6249284084137575e-16,8.137680803193419,7.652357129814317,7.652357129814317,221.48481826297865,168.93084518000063,168.93084518000066,168.9308451800006,-1.6824464117325565e-14,0.13,1.0,21,100,0.0,1.0,0.0,8.526512829121202e-16,0.0,,0.0,tie,0.0
5,weekend_midday,151.42417635108606,129.02528699203083,121.75496575587913,121.75496575587913,19.593443603362974,5.634803382844452,5.477850130101415,7.7979864283464,7.775385875218117,8.516417589572352,162.08277161718794,137.91558642660038,132.64956289353384,132.64956289353384,3.818294704398156,0.78,1.0,22,100,0.78,0.0,0.22,7.270321236151715,7.048814003698837,0.78,4.901877363845844,win,0.0
5,weekend_evening,201.84230599911933,158.35803050623062,151.82311046676864,150.56741284353268,24.781323858125628,4.12667423216334,4.090462775169415,8.724721676906801,7.371137080069167,7.666516495832495,212.68347962799425,167.96105642083438,161.07909231757696,162.8138430093642,4.0973570004312965,0.91,1.0,23,100,0.91,0.0,0.09,6.534920039461956,6.275555012563473,0.91,4.259980743578414,win,1.2071635252512047
6,weekday_midday,149.9352922421866,129.59039813020345,127.45507684843218,127.45507684843218,14.993278138573736,1.6477465248820502,1.528470316101419,8.633095979005192,8.381078583092476,7.984723577214274,161.87043836641905,139.54596706507027,136.66057769700976,136.66057769700976,2.0676981418711,0.68,1.0,24,100,0.68,0.0,0.32,2.1353212817712324,2.148566474560681,0.68,1.6649291112267723,win,0.0
6,weekday_rush,197.9287282548032,175.61039331753335,175.61039331753335,175.61039331753338,11.275945202122651,0.0,0.0,8.084493278328635,8.84081189800655,8.84081189800655,208.53559925899347,186.72156722110947,186.72156722110947,186.7215672211095,0.0,0.0,1.0,25,100,0.0,1.0,0.0,0.0,0.0,,0.0,tie,0.0
6,weekend_midday,128.65913230025103,117.85525089070346,117.85525089070346,117.85525089070346,8.397290745234173,0.0,0.0,7.792012617237285,8.911780647109083,8.911780647109083,139.0882184559012,128.39726680724326,128.39726680724326,128.39726680724326,0.0,0.0,0.93,26,100,0.0,1.0,0.0,0.0,0.0,,0.0,tie,0.0
6,weekend_evening,159.08346017837945,146.28567320591517,140.21007109570868,140.21007109570868,11.863828622729296,4.153244796333765,4.115243786289583,8.022449630370518,9.591847961606929,9.807848550307922,169.93497956133854,155.36969239590783,151.60656966516487,151.60656966516487,2.422044269196274,0.86,0.99,27,100,0.86,0.0,0.14,6.075602110206482,6.260296014744441,0.86,4.0241047202602,win,0.0
7,weekday_midday,123.96898201685298,110.15882904727005,109.01271352543928,109.01271352543928,12.064524728758744,1.0404209374256856,0.935314672884578,8.078027836930685,8.078670820689878,7.673939713758841,133.32131088265328,120.0081297422398,118.59304121280894,118.59304121280894,1.179160555597581,0.65,0.97,28,100,0.65,0.0,0.35,1.1461155218307735,1.5102489377057822,0.65,1.253234746861133,win,0.0
7,weekday_rush,157.91798574609504,135.164440393663,131.53114886158767,131.53114886158767,16.709203046024708,2.688052805525968,2.532844892762929,8.944282528088365,7.865761656918301,7.676678786400236,169.0833739818778,144.51840334547754,142.1204033978162,142.12040339781623,1.6593042077338824,0.69,0.98,29,100,0.69,0.0,0.31,3.6332915320753356,4.107274958069709,0.69,1.5894113267015353,win,0.0
7,weekend_midday,113.19519553698228,98.08464354561954,99.36055814226069,98.08464354561954,12.22192985231574,-1.300830130506308,-1.4321929751253568,8.021439629932633,7.565711133862278,7.72554168189294,123.65606038100071,106.58911020658576,110.36460786676444,106.58911020658576,-3.5421044915950635,0.35,0.98,30,100,0.35,0.0,0.65,-1.2759145966411063,-1.4965581657320755,0.35,-1.149035136948054,loss,1.149035136948054
7,weekend_evening,145.56656047154237,117.23846516662933,115.54742208719978,115.54742208719978,20.622276357358313,1.4423961257306577,1.403559945832976,8.169302205459452,7.966360922773042,8.738603267574975,155.98362292642955,128.3221461642091,126.47918479438472,126.47918479438472,1.436198992078908,0.62,1.0,31,100,0.62,0.0,0.38,1.6910430794295557,1.7102090179206186,0.62,0.9953390186961308,win,0.0
8,weekday_midday,170.60735706360884,134.32835728094847,134.70436268981257,133.08865018016994,21.04422399580945,-0.2799151396437354,-0.4355266270435823,8.512804939696439,7.764543120593073,7.9370505271373055,182.4387533923524,143.96830403687417,143.3900126242426,140.9470442351585,0.4016796728281732,0.49,1.0,32,100,0.49,0.0,0.51,-0.3760054088641398,-0.014466382702906344,0.49,-1.0322041946754967,loss,1.3455221171250162
8,weekday_rush,228.20669312904224,153.32753894124193,149.86443686688122,149.8644368668812,34.329517328337715,2.2586301836409395,2.2240992048844777,8.024498351033964,8.053128022755233,8.712143396305422,239.5837069180961,164.5594975132704,162.0653689028254,162.0653689028254,1.5156394180432262,0.74,1.0,33,100,0.74,0.0,0.26,3.463102074360722,3.018607521358547,0.74,2.5371036431708247,win,0.0
8,weekend_midday,169.25134065107167,116.04131882135844,116.04131882135844,116.04131882135844,31.438464017493928,0.0,0.0,8.820149607874347,8.305910379273222,8.305910379273222,180.499248325916,127.3529293121092,127.3529293121092,127.3529293121092,0.0,0.0,1.0,34,100,0.0,1.0,0.0,0.0,0.0,,0.0,tie,0.0
8,weekend_evening,208.17293520833303,145.2007945275512,143.71112229097778,143.71112229097778,30.965510887783687,1.0259394526183307,0.8988568912428208,9.186683085432012,8.734394621938481,7.856971726401984,220.23559509253244,155.08655987997622,153.89704112801346,153.89704112801346,0.7670031193440306,0.58,1.0,35,100,0.58,0.0,0.42,1.4896722365734325,1.301101697908834,0.58,2.1077511303017302,win,0.0
9,weekday_midday,148.56740311641514,144.26900533209917,142.02230643763303,140.99860118253414,4.405472897479042,1.5572983880316913,1.4537806083546392,7.667803787536011,9.668563028038406,8.368288961948826,157.27992902943865,154.49391498267295,151.84357706375354,151.24135096449945,1.7154966389560715,0.65,0.84,36,100,0.65,0.0,0.35,2.2466988944661335,1.7951148975096487,0.65,2.292615025021556,win,0.610594098742423
9,weekday_rush,206.59570852941224,175.48001822327936,167.43007872049526,167.43007872049526,18.957620217624772,4.587382417832566,4.545358031525023,7.615626974840107,7.68210219852862,7.668328659290778,216.37456888597217,185.12477279849372,175.85384726321263,175.85384726321263,5.007933511617267,0.94,1.0,37,100,0.94,0.0,0.06,8.049939502784152,7.853424712246635,0.94,5.236871952799957,win,0.0
9,weekend_midday,145.34531554957036,122.515850831909,122.515850831909,122.515850831909,15.70705229221874,0.0,0.0,8.99063373277316,7.950820085496015,7.950820085496015,158.75891065828225,132.4652917190151,132.4652917190151,132.4652917190151,0.0,0.0,1.0,38,100,0.0,1.0,0.0,0.0,0.0,,0.0,tie,0.0
9,weekend_evening,158.38869761461552,159.2422030140406,153.04739237663907,151.64529355533196,3.372276758643908,3.8901814469718974,3.859620673618136,9.287849871367955,8.479037673633714,8.657397362419808,170.72650595655975,169.7842166930764,165.06823725027073,162.93243148908596,2.777631239616853,0.88,0.74,39,100,0.88,0.0,0.12,6.19481063740151,6.337455809262323,0.88,3.652688967636665,win,1.1856849020520996
10,weekday_midday,160.5415475459523,112.85984892093768,112.85984892093768,112.85984892093768,29.700535066392423,0.0,1.3304363928135401e-15,6.751115067510483,8.806312726665249,8.80631272666525,169.36461180983628,124.17200514034548,124.17200514034546,124.17200514034546,1.1444491613983503e-14,0.17,1.0,40,100,0.0,1.0,0.0,1.1368683772161603e-15,0.0,,0.0,tie,0.0
10,weekday_rush,174.90125423746014,136.85966308646795,136.85966308646795,136.85966308646795,21.75032495727208,0.0,-2.028989302341027e-16,8.47626460761365,8.91093394810386,8.91093394810386,185.8878948978569,147.94163230729765,147.94163230729765,147.94163230729765,0.0,0.04,1.0,41,100,0.0,1.0,0.0,-5.684341886080802e-16,0.0,,0.0,tie,0.0
10,weekend_midday,133.17021324508912,96.533214740375,96.533214740375,96.533214740375,27.511406351273653,0.0,6.09274643755242e-16,7.763396011883788,8.620073679508923,8.620073679508923,142.56353455516506,109.60646825877642,109.60646825877642,109.60646825877642,0.0,0.1,1.0,42,100,0.0,1.0,0.0,0.0,0.0,,0.0,tie,0.0
10,weekend_evening,165.13333160020608,121.63284664599676,121.63284664599676,121.63284664599676,26.34264356727544,0.0,0.0,8.53943409412518,8.472758312813115,8.472758312813115,177.0919676200814,131.66123342734102,131.66123342734102,131.66123342734102,0.0,0.0,1.0,43,100,0.0,1.0,0.0,0.0,0.0,,0.0,tie,0.0
11,weekday_midday,143.6490414685828,102.39546883431008,101.79921097623212,102.39546883431008,29.13338652628849,0.582308831499918,0.4747479085567338,7.687714478905789,7.512358790485937,7.419288626809862,153.61699634199638,112.41822548317084,111.8966857427267,112.41822548317084,0.4639281025853015,0.56,1.0,44,100,0.56,0.0,0.44,0.5962578580779376,0.3979652871084767,0.56,-0.7879208928604955,loss,0.7879208928604955
11,weekday_rush,179.02794116542412,117.3325576810608,115.41769031655868,115.41769031655868,35.5309067594587,1.632000019727848,1.3996976366722782,9.855296935375804,8.281852996368098,8.997093070490132,192.0285258424857,127.99199332924624,127.6898827339476,127.6898827339476,0.2360386672949772,0.63,1.0,45,100,0.63,0.0,0.37,1.9148673645020935,2.1862022251224715,0.63,0.423188489443954,win,0.0
11,weekend_midday,134.02562518274246,90.3932992361352,89.85213482222439,90.3932992361352,32.95898847723188,0.5986775773026248,0.565052581250573,8.343855157054074,7.519445828027578,8.475817200105883,143.9661446323031,99.82098912611266,99.7905296064026,99.82098912611264,0.0305141433447387,0.53,1.0,46,100,0.53,0.0,0.47,0.5411644139108273,0.3444206288778844,0.53,-0.5142246432863165,loss,0.5142246432863165
11,weekend_evening,179.0871072484848,107.62678837537128,99.5110752374656,99.5110752374656,44.43426064200525,7.540606999811633,7.494661138960485,7.658123608575899,7.999269224281805,7.881330609750635,188.81391972015015,117.25268640306513,109.86805647988145,109.86805647988145,6.298047532828745,0.99,1.0,47,100,0.99,0.0,0.01,8.115713137905662,7.732802015585399,0.99,6.654371648491242,win,0.0
12,weekday_midday,189.85180137974743,156.2281351419505,156.22813514195047,156.22813514195047,17.710480487115255,1.819243979618636e-14,-3.4136851483451575e-16,7.970852818015908,9.06448258607981,9.06448258607981,200.69747992886204,167.97034026753693,167.97034026753693,167.97034026753693,0.0,0.04,1.0,48,100,0.0,1.0,0.0,-5.684341886080802e-16,0.0,,0.0,tie,0.0
12,weekday_rush,227.4315099447497,200.893363501428,197.82914870594104,197.82914870594104,13.01594543605679,1.525294186965597,1.4880586045462434,7.910665173749947,7.715244933378138,8.11538552636155,237.84841268621156,210.56564934414055,209.40139461249635,209.40139461249635,0.5529176934939621,0.6,1.0,49,100,0.6,0.0,0.4,3.0642147954869223,2.651314162098572,0.6,1.5298676366174364,win,0.0
12,weekend_midday,171.7547244928441,140.3077264905324,140.30772649053236,140.3077264905324,18.30924773403944,2.025669586508611e-14,2.4858051302371065e-18,7.031219276281806,7.445736626144719,7.445736626144719,180.79072435732144,148.77519493450328,148.77519493450328,148.77519493450328,0.0,0.02,1.0,50,100,0.0,1.0,0.0,0.0,0.0,,0.0,tie,0.0
12,weekend_evening,206.06651294281517,180.97387588999587,174.3718096707308,174.3718096707308,15.380812155966286,3.648076931986631,3.626833532461292,8.273575308229065,7.254646091502287,7.302653643232918,215.88667300813833,189.8496582264854,183.73810911178572,183.73810911178572,3.2191520236548232,0.98,1.0,51,100,0.98,0.0,0.02,6.60206621926501,6.08580077319094,0.98,3.9736800913883825,win,0.0
13,weekday_midday,136.8056541633025,89.12153219064345,90.82053241038577,89.12153219064345,33.61346578411526,-1.906385783525262,-2.2308451256017916,8.642520414583432,8.000446641167876,8.648485547673939,146.55104455640554,98.38144719369312,102.75687106957044,98.38144719369312,-4.447407515019568,0.38,1.0,52,100,0.38,0.0,0.62,-1.699000219742316,-1.8591045922647567,0.38,-1.703146804445792,loss,1.7031468044457758
13,weekday_rush,150.2293061431511,117.91494186518456,110.71579545464192,110.71579545464192,26.302132189079924,6.105372480082835,5.917328141798265,8.367985549989607,8.569193033700008,8.272127813778507,160.70378783069103,129.5935941530499,121.20997119579349,121.20997119579349,6.469164631204993,0.82,1.0,53,100,0.82,0.0,0.18,7.199146410542632,8.548197386550115,0.82,6.305112476409355,win,0.0
13,weekend_midday,106.93668659164832,88.7569704890404,86.20102327491595,86.20102327491595,19.390598285426773,2.8797143481142693,2.64023059471085,8.447084809733521,7.283184746812199,7.502621226987046,116.17535812515656,97.34289931636314,96.1138551914478,96.1138551914478,1.262592478287457,0.61,1.0,54,100,0.61,0.0,0.39,2.555947214124454,1.934465039855155,0.61,2.285683029814435,win,0.0
13,weekend_evening,141.33290894441893,100.23254814288352,100.23254814288352,100.23254814288352,29.08053128496682,0.0,0.0,7.631522584622857,8.12648817666151,8.12648817666151,150.51282948202473,111.2790424439078,111.2790424439078,111.2790424439078,0.0,0.0,1.0,55,100,0.0,1.0,0.0,0.0,0.0,,0.0,tie,0.0
14,weekday_midday,139.61287297663574,114.3814348880652,109.74468408661436,108.8397760178686,21.393578008397434,4.053761701790518,3.802842023281966,8.128771621535734,8.702549389395116,8.269706805618588,149.31068439871754,123.85311556481916,121.14317833170972,118.33813517051182,2.188025081768064,0.69,1.0,56,100,0.69,0.0,0.31,4.6367508014508285,4.51811048381407,0.69,3.715323886953749,win,0.5601602672003232
14,weekday_rush,186.42177438455548,127.96687227883533,124.29825999659204,124.29825999659204,33.32417288326712,2.8668453146604196,2.8008530677507197,8.89508538326201,8.378535021862309,8.000732489696812,197.21882830767248,138.81191253172352,134.64301482377988,134.6430148237799,3.0032708518376614,0.78,1.0,57,100,0.78,0.0,0.22,3.6686122822432594,3.8715263761525875,0.78,3.372833185148796,win,0.0
14,weekend_midday,133.03535545123518,94.95887982121438,94.95887982121438,94.95887982121438,28.62132062628865,0.0,-7.055102544532647e-17,8.182377943124068,8.800081702602368,8.800081702602368,143.54256284477412,105.56934952012688,105.56934952012688,105.56934952012688,0.0,0.16,1.0,58,100,0.0,1.0,0.0,4.263256414560601e-16,0.0,,0.0,tie,0.0
14,weekend_evening,162.04406634621998,108.08979477845234,108.05702242633429,108.05702242633429,33.316273244179214,0.0303195617914077,-0.0845185441535108,8.834959242768681,8.566626551565768,8.015407535521023,174.6308256994799,119.49815465457368,118.22396578585337,118.22396578585337,1.066283301531771,0.54,1.0,59,100,0.54,0.0,0.46,0.03277235211808218,0.321130178086122,0.54,0.7187706235425654,win,0.0
15,weekday_midday,139.93535626359423,99.38035788631242,94.95753665631948,94.95753665631948,32.14185521674071,4.450397768795014,4.20056707902949,8.25686683254112,7.48476340436258,8.27231196569594,151.2746579426021,109.4957093318414,106.1673243098947,106.1673243098947,3.039740134345903,0.71,1.0,60,100,0.71,0.0,0.29,4.42282122999293,4.440819014757572,0.71,5.033694469004474,win,0.0
15,weekday_rush,159.4943195008569,126.85629165751712,119.80321160698692,119.80321160698696,24.88559342933635,5.5598977065890285,5.423859885158114,8.595544767626444,7.968147758087002,8.420860111570995,172.39120198568813,135.78536017161275,130.71470462929813,130.71470462929813,3.73431681876902,0.8,1.0,61,100,0.8,0.0,0.2,7.053080050530175,6.761733005107246,0.8,4.383107424932656,win,0.0
15,weekend_midday,126.24002339687593,92.9366476075778,91.14773697923654,91.14773697923654,27.798067105323277,1.924871053983883,1.7278898758731276,7.445475817894501,7.366435182828549,7.417079439786847,135.5926623740534,101.78605145584416,100.6631907650724,100.6631907650724,1.103157726143726,0.62,1.0,62,100,0.62,0.0,0.38,1.7889106283412766,2.3955287496774957,0.62,2.0514055228497385,win,0.0
15,weekend_evening,152.03870714437917,103.0794682387247,103.0794682387247,103.0794682387247,32.20182532804737,0.0,3.960156425510348e-17,8.54375635199005,8.912691285102278,8.912691285102278,163.9161584505733,114.11243939086324,114.11243939086326,114.11243939086326,-1.2453379132950023e-14,0.16,1.0,63,100,0.0,1.0,0.0,-1.5631940186722204e-15,0.0,,0.0,tie,0.0
16,weekday_midday,185.85108632653996,118.9296791946628,115.98940858193114,115.98940858193114,37.590136880804664,2.472276586165731,2.3165980614623027,7.776968296320827,7.60391176902548,6.961466219034983,197.21484920682923,127.964162998595,124.6322886715269,124.6322886715269,2.603755808651445,0.68,1.0,64,100,0.68,0.0,0.32,2.9402706127316445,3.2221828356695994,0.68,2.17988968470269,win,0.0
16,weekday_rush,207.95223287277025,143.58943305955285,143.58943305955285,143.58943305955285,30.950761587924852,0.0,0.0,9.054180215320558,8.371851508398505,8.371851508398505,220.1203403497837,153.5925287961076,153.5925287961076,153.5925287961076,0.0,0.0,1.0,65,100,0.0,1.0,0.0,0.0,0.0,,0.0,tie,0.0
16,weekend_midday,169.02893012110314,117.31219403107232,117.2642715860834,116.43252601388193,30.62473299566661,0.040850352671953,-0.1569666411800036,9.869245294196691,8.182021927266442,7.790008061271958,180.5911211554508,126.88238127080942,127.55567731817612,124.57535429266817,-0.5306458159306342,0.47,1.0,66,100,0.47,0.0,0.53,0.04792244498886504,-1.1122735968869364,0.47,0.8246211628754027,win,0.197749263185338
16,weekend_evening,191.86236038592924,136.19684473319597,136.19684473319597,136.19684473319597,29.013254887911653,0.0,-6.464920641826662e-16,7.86342327781401,8.673597264715005,8.673597264715003,203.32809311935176,148.4592323497173,148.4592323497173,148.45923234971727,0.0,0.04,1.0,67,100,0.0,1.0,0.0,-5.684341886080802e-16,0.0,,0.0,tie,0.0
17,weekday_midday,149.71464205229793,118.33229164199376,118.9168399569056,118.33229164199376,20.57100205645492,-0.4939888400711171,-0.6051098850928466,8.553512368545125,9.04416316658439,9.124681940271982,160.06672194654615,128.7363907210268,130.6217637686116,128.7363907210268,-1.4645222201936914,0.45,1.0,68,100,0.45,0.0,0.55,-0.5845483149118451,-1.19033657965916,0.45,-0.2653020762235418,loss,0.2653020762235418
17,weekday_rush,187.7511678241848,157.06992453746545,151.21021607379626,150.42925854112588,19.462436465165663,3.730636836380151,3.581034039211466,8.188622832770823,8.90929664828984,8.642472427043538,199.16663382397223,168.326546751284,163.61913783997562,162.23027926349096,2.7965932897464865,0.76,1.0,69,100,0.76,0.0,0.24,5.859708463669218,5.384406930028561,0.76,4.2139431293045835,win,0.3323462998862875
17,weekend_midday,140.23655631921764,115.00042103844542,115.00042103844542,114.35816257771182,17.99540429624335,0.0,0.0,8.635740057310812,7.902756772975832,7.902756772975832,152.24407738235516,125.54676562311936,125.54676562311936,122.21347562921449,0.0,0.0,1.0,70,100,0.0,1.0,0.0,0.0,0.0,,0.0,tie,0.6087051903859882
17,weekend_evening,181.05556205119345,145.05662839229285,135.94823942293513,136.22065226247315,24.913524951806902,6.279195284151294,6.167215826382881,7.95658410745195,8.23542721243081,8.56639102128496,191.3608436894449,155.77829019402398,146.63896217418232,146.54630588661385,5.866881712758882,0.87,1.0,71,100,0.87,0.0,0.13,9.108388969357733,9.267530983355385,0.87,5.785246188839535,win,0.5369516250683137
18,weekday_midday,166.09665597037204,125.82083788593629,124.7646958781324,124.7646958781324,24.88428189644731,0.8394015057834473,0.5545938176364933,8.13357479305867,9.2219575661994,8.91809112179857,176.83355355021058,137.36182050418418,134.8582436083436,134.8582436083436,1.8226148187693243,0.56,1.0,72,100,0.56,0.0,0.44,1.0561420078039372,1.9219383297296488,0.56,0.8336582716794081,win,0.0
18,weekday_rush,190.40502036713755,140.59029713707267,140.59029713707267,140.59029713707267,26.162505134587576,0.0,0.0,7.066524592575553,9.405888492126088,9.405888492126088,198.66969220069817,152.93009101556498,152.93009101556498,152.93009101556495,0.0,0.0,1.0,73,100,0.0,1.0,0.0,0.0,0.0,,0.0,tie,0.0
18,weekend_midday,156.38197709343632,107.87753978144764,110.05258106265488,107.87753978144764,29.62578993556285,-2.016213278142694,-2.334812135850233,8.95676237472386,7.688959321006991,7.412776179920619,168.78452503363312,117.59883645710126,118.5922286643334,117.59883645710126,-0.844729622469119,0.35,1.0,74,100,0.35,0.0,0.65,-2.17504128120722,-2.462266304690708,0.35,-0.8414147732984717,loss,0.8414147732984717
18,weekend_evening,197.4315349453003,128.47042508795428,128.47042508795428,128.47042508795428,34.92912612792691,0.0,9.51144487931291e-17,8.86527470093994,9.340988366775733,9.340988366775733,208.40028017993484,142.12555027685494,142.12555027685494,142.12555027685494,0.0,0.07,1.0,75,100,0.0,1.0,0.0,1.4210854715202004e-16,0.0,,0.0,tie,0.0
19,weekday_midday,168.22694393787944,121.56925323950276,114.6355523442334,114.76733576260136,31.85660414388527,5.703498796368627,5.632151189584863,7.368256419849877,7.595346974213385,9.287883081918476,176.11812753366934,131.6975279482551,125.90204805296536,127.88779995999958,4.400598846142971,0.83,1.0,76,100,0.83,0.0,0.17,6.933700895269363,6.803627335374443,0.83,5.548643592989003,win,0.3572844995763997
19,weekday_rush,200.7848666414832,143.3748542302908,138.1530528676683,138.1530528676683,31.19349322558697,3.642062194696405,3.61177797891728,8.088913683786288,6.571505786130497,7.070721302780868,210.78292882496245,151.04764275257088,146.9114952100701,146.9114952100701,2.7383065813719196,0.87,1.0,77,100,0.87,0.0,0.13,5.221801362622508,5.1472470144147735,0.87,3.5709383486402895,win,0.0
19,weekend_midday,139.03576475191446,109.52036012529824,108.09822570284058,108.09822570284058,22.251497018969634,1.298511455614885,1.103438093415906,8.437839890774931,8.36717785803959,8.612781918059309,150.42283239491243,120.2209633902787,118.45807719171007,118.45807719171007,1.4663717116004855,0.62,1.0,78,100,0.62,0.0,0.38,1.4221344224576842,2.1598877696953664,0.62,1.4357682592237355,win,0.0
19,weekend_evening,178.6892485241803,134.65529965323364,135.57203142354578,134.65529965323364,24.12972098587111,-0.6807988788209015,-0.7986997301154815,10.061178162813722,8.036635248789112,9.017179283293869,192.94400983091185,142.85372635123434,147.83797372063006,142.85372635123434,-3.4890566012544553,0.45,1.0,79,100,0.45,0.0,0.55,-0.9167317703121263,-1.1319050284687364,0.45,-1.0169599564282126,loss,1.0169599564282126
20,weekday_midday,113.75758246922,97.58972921075154,97.10525415662882,97.10525415662882,14.638433721195588,0.4964406173076568,0.390904298108258,8.710713696361031,8.000884047321714,8.26136448813916,125.37961337493338,107.3477393858429,107.39673175362056,107.39673175362056,-0.0456389375854269,0.53,0.99,80,100,0.53,0.0,0.47,0.48447505412272507,0.39035680669697825,0.53,0.705175726455916,win,0.0
20,weekday_rush,143.20118022315563,128.7240745883413,121.67252450999682,121.67252450999682,15.033853547582442,5.47803517010729,5.409559124931969,8.03264268360228,8.452354705829267,9.476973150943955,152.09528177297378,140.4703660025067,133.29535488052193,133.29535488052193,5.107846819347455,0.84,0.97,81,100,0.84,0.0,0.16,7.051550078344474,7.308539264204349,0.84,5.340530567053366,win,0.0
20,weekend_midday,106.90617087309784,92.18440242014908,92.18440242014908,92.18440242014908,13.770737771932842,0.0,-2.891963130342934e-16,8.496124698256482,8.529279959236499,8.529279959236499,117.58730091651236,102.97221679950064,102.97221679950064,102.97221679950064,0.0,0.15,0.96,82,100,0.0,1.0,0.0,-7.105427357601002e-16,0.0,,0.0,tie,0.0
20,weekend_evening,138.0411778972617,112.76624039641902,112.76624039641902,112.76624039641902,18.30970865784248,0.0,1.3550209483422837e-15,8.29815602527978,8.45455515730621,8.45455515730621,149.45876676905473,125.27029124804967,125.27029124804967,125.27029124804967,0.0,0.22,1.0,83,100,0.0,1.0,0.0,1.1368683772161603e-15,0.0,,0.0,tie,0.0
21,weekday_midday,191.5971771354964,123.21145077164194,123.21145077164194,123.21145077164194,35.692449850392364,0.0,0.0,8.363090602448073,8.540569775458964,8.540569775458964,203.09351142895807,134.2261470923965,134.2261470923965,134.2261470923965,0.0,0.0,1.0,84,100,0.0,1.0,0.0,0.0,0.0,,0.0,tie,0.0
21,weekday_rush,230.81962789600016,151.38160675918303,149.61439302119993,149.61439302119993,35.18125196501429,1.1673899992317902,1.1364381592607256,8.80354849094964,7.622867761697478,7.985314263083035,241.17931680820016,160.1001428188473,160.1745881316559,160.17458813165587,-0.0464992169887236,0.65,1.0,85,100,0.65,0.0,0.35,1.7672137379831094,1.6097440439323805,0.65,0.6945368743085922,win,0.0
21,weekend_midday,170.0950123103989,116.75861206772156,116.07672675611484,116.07672675611484,31.757712833876894,0.5840128616904109,0.2204951620306738,8.091087246473352,8.444101969480128,8.042410726317598,181.3764362195057,126.66482235561922,125.77262779998712,125.77262779998712,0.704374378805188,0.55,1.0,86,100,0.55,0.0,0.45,0.6818853116066608,0.7210568178900019,0.55,1.062147497914787,win,0.0
21,weekend_evening,197.23449686699743,132.23937853468524,130.23940106184529,129.18773388840754,33.96723031180972,1.512391766356783,1.373906071546368,8.491857719205845,8.541461517554811,9.23619431409544,207.61660535468496,141.91227785358905,141.85567196922636,139.97643178472285,0.0398879400844247,0.63,1.0,87,100,0.63,0.0,0.37,1.9999774728399884,1.6829949102244512,0.63,1.500280804390133,win,0.7321774753415355
22,weekday_midday,145.5695268840879,127.35637883586853,127.35637883586853,127.35637883586853,12.51164885815828,0.0,0.0,8.877710458771872,7.991418405900218,7.991418405900218,156.912351034353,137.03460281101923,137.03460281101923,137.03460281101923,0.0,0.0,0.98,88,100,0.0,1.0,0.0,0.0,0.0,,0.0,tie,0.0
22,weekday_rush,180.35800690698505,156.5358964409783,146.26103681777724,146.26103681777724,18.905160172230342,6.56389994679283,6.53134327608519,9.000845926379192,8.634064608439868,8.303597350930637,192.4981876071957,167.93206481169642,156.3457178371539,156.3457178371539,6.8994250666389325,0.99,1.0,89,100,0.99,0.0,0.01,10.27485962320103,9.966974980917882,0.99,6.700480459725601,win,0.0
22,weekend_midday,130.84931858604014,113.5129179081145,113.5129179081145,113.5129179081145,13.24913332775674,0.0,0.0,7.595542279187619,7.781168580393754,7.781168580393754,140.42995659376808,122.06044325484974,122.06044325484974,122.06044325484972,0.0,0.0,1.0,90,100,0.0,1.0,0.0,0.0,0.0,,0.0,tie,0.0
22,weekend_evening,173.28087112398782,133.11507693540585,129.68443465376006,129.68443465376006,25.159405182718153,2.5772003897879343,2.537796434539938,9.989941150160965,9.107175350471906,9.251799516036286,186.8608421446228,145.21785376003788,142.75279830337612,142.75279830337612,1.6974878727619034,0.78,1.0,91,100,0.78,0.0,0.22,3.4306422816457713,4.039564970158381,0.78,1.9042339298621025,win,0.0
23,weekday_midday,115.0819869485866,88.33037982867226,88.33037982867226,88.33037982867226,23.24569450809512,0.0,-3.946843401834699e-16,8.263652079798469,9.431353929321675,9.431353929321675,124.41530144656694,101.307270281547,101.30727028154702,101.307270281547,-1.4027477668392466e-14,0.12,1.0,92,100,0.0,1.0,0.0,-1.4210854715202004e-16,0.0,,0.0,tie,0.0
23,weekday_rush,137.06452045122643,109.03893586922096,109.03893586922096,109.03893586922096,20.44700152143179,0.0,0.0,7.569696696151672,8.738907741609857,8.738907741609857,145.51384311111713,121.67932202360906,121.67932202360906,121.67932202360906,0.0,0.0,1.0,93,100,0.0,1.0,0.0,0.0,0.0,,0.0,tie,0.0
23,weekend_midday,103.24186974785394,80.90577168641957,80.90577168641957,80.90577168641957,21.634728348087343,0.0,5.200312919502069e-16,8.592269206901143,8.712912799278099,8.712912799278099,114.74110312101256,91.7336921652791,91.7336921652791,91.7336921652791,0.0,0.09,1.0,94,100,0.0,1.0,0.0,7.105427357601002e-17,0.0,,0.0,tie,0.0
23,weekend_evening,125.5643065304168,104.555461539807,104.555461539807,104.555461539807,16.731542244069658,0.0,-3.5858309236227823e-16,8.74471899878026,8.516778577202622,8.516778577202622,137.73078731054702,114.62770055222464,114.62770055222464,114.62770055222464,1.239740014563714e-14,0.13,1.0,95,100,0.0,1.0,0.0,1.4210854715202004e-16,0.0,,0.0,tie,0.0
24,weekday_midday,139.7841736288219,108.71881052867546,106.82351457591656,106.82351457591656,23.57967872702666,1.7433008543254809,1.6442399295541643,8.813625779133972,8.368097415928501,9.319515353124654,152.86712584134537,119.74642673294392,119.47635465345132,119.47635465345132,0.2255366501205937,0.65,1.0,96,100,0.65,0.0,0.35,1.8952959527589268,1.9072782511315225,0.65,1.9051608363774808,win,0.0
24,weekday_rush,163.14777741016695,142.00890285668584,136.2506713030929,135.18994026237863,16.486345406626356,4.054838420520785,3.871120538517339,9.197090952475111,8.529571003316125,8.879210380349765,175.56112598113484,152.88268810779363,147.67261758265278,146.5654110171652,3.407887831922058,0.72,1.0,97,100,0.72,0.0,0.28,5.758231553592933,7.314878701551493,0.72,3.847553692584232,win,1.2450096956225238
24,weekend_midday,123.18908284030518,97.357989130646,97.70745679700116,97.9030731720952,20.684970985892353,-0.3589511959683266,-0.4871454132145521,8.026804312536777,7.849854392578256,7.624427584416895,133.80470468411812,106.9459092224044,105.84390522633144,108.86087338613578,1.0304311815996887,0.51,1.0,98,100,0.51,0.0,0.49,-0.34946766635517224,0.1338666990036259,0.51,-0.583974172172018,loss,1.6993462655653897
24,weekend_evening,136.98620984901126,111.7134953003546,111.7134953003546,111.7134953003546,18.449093946399948,0.0,0.0,8.590682293640228,8.741794632496298,8.741794632496298,147.9714867355995,122.47810017817802,122.47810017817802,122.47810017817802,0.0,0.0,1.0,99,100,0.0,1.0,0.0,0.0,0.0,,0.0,tie,0.0
25,weekday_midday,170.63813770852354,126.7983097065557,124.601041734074,124.601041734074,26.979370844452166,1.7328842770591717,1.7103898005636993,7.537567728218485,7.15181617399655,7.505254754106545,181.14747299614888,136.6792043917601,133.67076383679347,133.67076383679347,2.201096039704482,0.71,1.0,100,100,0.71,0.0,0.29,2.1972679724816846,2.3956757796972425,0.71,1.4352016593567538,win,0.0
25,weekday_rush,207.32656327923553,158.70354730848263,158.70354730848263,158.70354730848263,23.452381210441192,0.0,3.2236131703835247e-16,7.561515476166483,8.584298487321112,8.58429848732111,216.49792822487709,170.52363349642818,170.52363349642818,170.5236334964282,0.0,0.08,1.0,101,100,0.0,1.0,0.0,2.842170943040401e-16,0.0,,0.0,tie,0.0
25,weekend_midday,155.11525587360293,121.1225632172548,121.1225632172548,121.1225632172548,21.91447415336593,0.0,0.0,7.617285407694249,7.516127226353674,7.516127226353674,164.10563834282223,131.62811007788858,131.62811007788858,131.62811007788858,0.0,0.0,1.0,102,100,0.0,1.0,0.0,0.0,0.0,,0.0,tie,0.0
25,weekend_evening,177.94930640285682,134.09647793115798,134.09647793115798,134.09647793115798,24.64343882994467,0.0,1.3817300654778242e-15,8.446698662119493,8.204244766679171,8.20424476667917,189.9100793555569,143.65392842295637,143.65392842295637,143.65392842295637,0.0,0.11,1.0,103,100,0.0,1.0,0.0,1.9895196601282807e-15,0.0,,0.0,tie,0.0
26,weekday_midday,170.53116679351683,125.71732690833464,123.31190180600352,123.31190180600352,27.68952202425701,1.9133600447017112,1.6749363139569982,8.710171167786651,9.070323286468254,7.585720837042554,181.57336458328348,136.6242327272257,132.2152554783791,132.2152554783791,3.2270828979872173,0.64,1.0,104,100,0.64,0.0,0.36,2.405425102331137,2.9764479157788415,0.64,2.2876795284384013,win,0.0
26,weekday_rush,240.2654404088128,155.42502467923288,154.70506071819975,154.70506071819975,35.61077262923524,0.4632226776344208,0.379332831223533,8.807710057398234,8.26986078208387,7.74598803736242,252.4631589042534,166.48690026918277,164.1203512519404,164.1203512519404,1.4214625976073978,0.56,1.0,105,100,0.56,0.0,0.44,0.719963961033138,0.5458445980432316,0.56,0.566810604481621,win,0.0
26,weekend_midday,157.95721510745662,111.60840224399396,111.60840224399394,111.60840224399396,29.34263739198749,1.2732782146755207e-14,-1.0783684655405663e-16,8.135902276418367,7.968214129856731,7.968214129856732,168.41136089098492,121.7074637033906,121.70746370339062,121.7074637033906,-1.1676239305943331e-14,0.06,1.0,106,100,0.0,1.0,0.0,2.842170943040401e-16,0.0,,0.0,tie,0.0
26,weekend_evening,189.78378766146733,140.92942491471248,138.90992936726255,138.90992936726255,26.80621928831592,1.4329836006015717,1.404329763465991,8.32579922463094,8.515307035578132,9.181493116723244,200.07765250497033,150.30453234205194,148.88575034200113,148.88575034200113,0.9439382684895036,0.68,1.0,107,100,0.68,0.0,0.32,2.019495547449937,1.7640511845347504,0.68,1.625738768919081,win,0.0
27,weekday_midday,124.9137104480496,102.92918452455082,102.92918452455083,102.92918452455082,17.59977014904373,-1.3806438650849711e-14,6.245676389621208e-16,7.3012377574459,7.839680414203395,7.839680414203393,134.19628360133584,111.91490695339564,111.91490695339562,111.91490695339564,1.2697910494729522e-14,0.24,1.0,108,100,0.0,1.0,0.0,9.947598300641404e-16,0.0,,0.0,tie,0.0
27,weekday_rush,172.3538417252734,131.84391371416783,131.84391371416783,131.84391371416783,23.503930986161077,0.0,4.257888958213723e-16,7.945953766692153,8.336265702150799,8.336265702150799,183.14744072015677,144.5278106459761,144.5278106459761,144.5278106459761,0.0,0.09,1.0,109,100,0.0,1.0,0.0,1.4210854715202004e-16,0.0,,0.0,tie,0.0
27,weekend_midday,118.15270358320448,96.64534186474772,96.64534186474772,96.64534186474772,18.203021231173963,0.0,0.0,8.272092635767217,7.079213432473687,7.079213432473687,129.27056556169825,105.11922118799468,105.11922118799468,105.11922118799468,0.0,0.0,1.0,110,100,0.0,1.0,0.0,0.0,0.0,,0.0,tie,0.0
27,weekend_evening,138.40484776595935,116.48296754372222,116.48296754372224,116.48296754372222,15.838954036716055,-1.2199942201736848e-14,1.094198800286303e-15,8.152537779598951,9.504252620037946,9.504252620037946,148.97044467226272,126.97229166105774,126.97229166105774,126.97229166105774,0.0,0.2,1.0,111,100,0.0,1.0,0.0,8.526512829121202e-16,0.0,,0.0,tie,0.0
28,weekday_midday,124.60530158366738,108.4269176095493,108.4269176095493,108.4269176095493,12.983704359685651,0.0,1.6628000486728006e-16,7.349706949831086,8.04212963472606,8.04212963472606,134.6518245735865,118.22225151943977,118.22225151943977,118.22225151943977,0.0,0.03,0.96,112,100,0.0,1.0,0.0,8.526512829121202e-16,0.0,,-1.3174122529660346e-14,tie,0.0
28,weekday_rush,155.52532268849205,131.46956367505425,131.46956367505425,131.46956367505425,15.467422666352576,0.0,-2.4596105565237042e-15,8.229345680303078,8.285149639771415,8.285149639771415,166.00608186448744,141.89164445295887,141.89164445295887,141.89164445295887,0.0,0.08,1.0,113,100,0.0,1.0,0.0,-3.4106051316484808e-15,0.0,,2.1642277551398642e-14,tie,0.0
28,weekend_midday,121.05037648941487,94.66005739895829,94.66005739895829,94.66005739895829,21.801104511859375,0.0,2.6233297929807696e-16,8.66326115570155,8.945486703107628,8.945486703107628,130.51879112131434,105.07963703210012,105.07963703210012,105.07963703210012,0.0,0.22,1.0,114,100,0.0,1.0,0.0,0.0,0.0,,-1.5176513975126213e-14,tie,0.0
28,weekend_evening,143.42827275154812,125.48776623682365,122.57120071763455,122.57120071763455,14.541813572588284,2.324183150798033,2.19014974251623,9.235441606714591,8.313543203243103,8.043405138546115,154.48842107403468,135.7121482815163,132.47269394657835,132.47269394657835,2.3870039461891994,0.58,0.99,115,100,0.58,0.0,0.42,2.9165655191890405,2.5908745163893343,0.58,0.9615188422434312,win,0.0
29,weekday_midday,146.66960591018142,110.11053299430404,110.11053299430404,110.11053299430404,24.92614109719889,0.0,9.12472439690216e-16,8.507775330581401,8.333939505448676,8.333939505448676,157.96986274813693,121.389622959052,121.389622959052,121.389622959052,0.0,0.19,1.0,116,100,0.0,1.0,0.0,1.8474111129762605e-15,0.0,,0.0,tie,0.0
29,weekday_rush,171.05774614374184,138.0782498029308,138.0782498029308,138.0782498029308,19.279744463076216,0.0,-3.168170068220158e-16,6.769100918064659,7.660283998493177,7.660283998493177,179.440318984568,148.4888830819741,148.4888830819741,148.4888830819741,0.0,0.03,1.0,117,100,0.0,1.0,0.0,-4.263256414560601e-16,0.0,,0.0,tie,0.0
29,weekend_midday,122.75585027845612,94.0185973067603,94.0185973067603,94.0185973067603,23.41008832288562,0.0,-1.19563003360026e-15,8.784721026209334,8.045629839309218,8.045629839309218,133.33864442522423,104.93007568689556,104.93007568689556,104.93007568689556,0.0,0.02,1.0,118,100,0.0,1.0,0.0,-9.947598300641404e-16,0.0,,0.0,tie,0.0
29,weekend_evening,157.99853092074008,110.54935284282963,110.54935284282963,110.54935284282963,30.03140459686509,1.2854760656451672e-14,-8.135800684857896e-17,7.984475558625911,8.048558914193823,8.048558914193823,167.04841188967097,118.50282100846928,118.50282100846928,118.50282100846928,0.0,0.07,1.0,119,100,0.0,1.0,0.0,-4.263256414560601e-16,0.0,,0.0,tie,0.0
